,segment_id,district,lat,lng
0,23795,quan_go_vap,10.8309854,106.6773216
1,60703,quan_go_vap,10.831059100000001,106.67738605
2,23794,quan_go_vap,10.83091555,106.67752045
3,60704,quan_go_vap,10.83089375,106.6774991
4,60538,quan_go_vap,10.8309244,106.6773346
5,65249,quan_go_vap,10.83105175,106.67746894999999
6,60539,quan_go_vap,10.830838700000001,106.67757019999999
7,60705,quan_go_vap,10.83077275,106.67758309999999
8,23793,quan_go_vap,10.83087855,106.6776209
9,65248,quan_go_vap,10.8308605,106.67759154999999
10,47580,huyen_binh_chanh,10.798200000000001,106.7244132
11,47581,huyen_binh_chanh,10.79852235,106.72603445
12,47582,huyen_binh_chanh,10.798756449999999,106.72721225000001
13,47583,huyen_binh_chanh,10.79881095,106.72753105
14,47584,huyen_binh_chanh,10.7990256,106.72877305
15,47593,huyen_binh_chanh,10.798100550000001,106.72446055
16,47594,huyen_binh_chanh,10.79846255,106.72628805
17,47595,huyen_binh_chanh,10.798789,106.72801285
18,30034,huyen_binh_chanh,10.799028199999999,106.72740329999999
19,8196,huyen_binh_chanh,10.79947645,106.7302991
20,8197,huyen_binh_chanh,10.7988415,106.72682375
21,8198,huyen_binh_chanh,10.79828495,106.7239261
22,49614,quan_2,10.79246535,106.75209874999999
23,35897,quan_2,10.792428000000001,106.75200305000001
24,84162,quan_2,10.79241455,106.75203555
25,84115,quan_2,10.792445749999999,106.75194025
26,35898,quan_2,10.792795949999999,106.75207320000001
27,84164,quan_2,10.7924617,106.75234685000001
28,84118,quan_2,10.79238875,106.75197299999999
29,35896,quan_2,10.792306,106.7519754
30,49613,quan_2,10.79252275,106.75208115000001
31,84117,quan_2,10.79239965,106.7519262
32,84161,quan_2,10.792354549999999,106.75203395
33,84163,quan_2,10.7924027,106.75235724999999
34,84116,quan_2,10.79241435,106.751884
35,12480,quan_2,10.79256595,106.75189515
36,12479,quan_2,10.7923343,106.7518501
37,35783,quan_2,10.79242925,106.75185285
38,70492,quan_2,10.792368100000001,106.7517107
39,70493,quan_2,10.7924275,106.7517021
40,49612,quan_2,10.7925244,106.7522649
41,49611,quan_2,10.7925802,106.7522427
42,52050,quan_binh_tan,10.866684450000001,106.79149699999999
43,52049,quan_binh_tan,10.8665833,106.7917363
44,49701,quan_binh_tan,10.8666319,106.79136195
45,49702,quan_binh_tan,10.8665382,106.79158565
46,81598,quan_binh_tan,10.866806350000001,106.79141150000001
47,81597,quan_binh_tan,10.8666707,106.79174205
48,81587,quan_binh_tan,10.866570450000001,106.79136299999999
49,81588,quan_binh_tan,10.866421599999999,106.79169825
50,52051,quan_binh_tan,10.866805849999999,106.7911632
51,81597,quan_binh_tan,10.8666707,106.79174205
52,81598,quan_binh_tan,10.866806350000001,106.79141150000001
53,54256,quan_12,10.8565996,106.63953505
54,70013,quan_12,10.8565058,106.63942895
55,70011,quan_12,10.8565733,106.6393822
56,54255,quan_12,10.8565157,106.63940045000001
57,54254,quan_12,10.856473600000001,106.6393105
58,71173,quan_12,10.856463699999999,106.6394559
59,57398,quan_12,10.85654795,106.6395583
60,57397,quan_12,10.85642765,106.6393372
61,70010,quan_12,10.8565379,106.6393338
62,70012,quan_12,10.8564744,106.63937795000001
63,71174,quan_12,10.8564307,106.6394057
64,71172,quan_12,10.8564086,106.63941105
65,32787,quan_12,10.85670715,106.63951595
66,70009,quan_12,10.8566508,106.63933175
67,71171,quan_12,10.856395599999999,106.63946965
68,32512,quan_12,10.856251799999999,106.63868005
69,70008,quan_12,10.8566218,106.63927915
70,71170,quan_12,10.85622135,106.63933510000001
71,71169,quan_12,10.85619775,106.6393903
72,70007,quan_12,10.85672995,106.6393007
73,57357,quan_12,10.85672095,106.6393779
74,60719,quan_go_vap,10.82156835,106.69357525000001
75,60720,quan_go_vap,10.8212226,106.69371895
76,47910,quan_go_vap,10.821406450000001,106.69370989999999
77,47911,quan_go_vap,10.82157735,106.6936422
78,47912,quan_go_vap,10.821782599999999,106.6935969
79,60718,quan_go_vap,10.821787050000001,106.69353615
80,19576,quan_tan_phu,10.81290745,106.60788790000001
81,30917,quan_tan_phu,10.81276585,106.6078806
82,72758,quan_tan_phu,10.812910200000001,106.60794905
83,19574,quan_tan_phu,10.81302875,106.60767105
84,19577,quan_tan_phu,10.81264275,106.60826635000001
85,42822,quan_tan_phu,10.81295375,106.60792205
86,72757,quan_tan_phu,10.8128746,106.60799725000001
87,30918,quan_tan_phu,10.81274685,106.6079376
88,19575,quan_tan_phu,10.81308095,106.60770085
89,19577,quan_tan_phu,10.81264275,106.60826635000001
90,30918,quan_tan_phu,10.81274685,106.6079376
91,72757,quan_tan_phu,10.8128746,106.60799725000001
92,42821,quan_tan_phu,10.812748150000001,106.60830585
93,72857,quan_tan_phu,10.81519535,106.6244823
94,44481,quan_tan_phu,10.815349300000001,106.62462675
95,72858,quan_tan_phu,10.8152405,106.62444869999999
96,44516,quan_tan_phu,10.8153923,106.62457845
97,44482,quan_tan_phu,10.815558,106.6248483
98,44515,quan_tan_phu,10.8155195,106.624704
99,62689,quan_5,10.753343749999999,106.6507503
100,62687,quan_5,10.75342985,106.65076925
101,62688,quan_5,10.75335555,106.6506915
102,62686,quan_5,10.75344405,106.65071105
103,52032,quan_5,10.75330405,106.650817
104,67158,quan_5,10.7533162,106.65060460000001
105,15861,quan_5,10.75283695,106.6506857
106,15862,quan_5,10.75284415,106.6506261
107,61690,quan_5,10.75349195,106.65061265
108,59188,quan_5,10.7534849,106.65111185
109,59154,quan_5,10.7539598,106.65077615
110,59153,quan_5,10.7539528,106.65083575
111,71454,quan_go_vap,10.834584450000001,106.664406
112,35428,quan_go_vap,10.8345629,106.6643871
113,35427,quan_go_vap,10.834569649999999,106.66437305
114,71453,quan_go_vap,10.83459795,106.66437665000001
115,35429,quan_go_vap,10.834473,106.6645399
116,35426,quan_go_vap,10.83468875,106.66411285000001
117,11570,quan_go_vap,10.834616050000001,106.6644036
118,60712,quan_go_vap,10.83471155,106.66446555
119,11569,quan_go_vap,10.834539249999999,106.6645474
120,84012,quan_go_vap,10.834725599999999,106.6644232
121,11571,quan_go_vap,10.83465765,106.66432005
122,30272,huyen_binh_chanh,10.80298245,106.70937895
123,38531,huyen_binh_chanh,10.8030023,106.70976300000001
124,30271,huyen_binh_chanh,10.80324315,106.70939369999999
125,55242,huyen_binh_chanh,10.8030461,106.70919425
126,51493,huyen_binh_chanh,10.802918649999999,106.70956405
127,24625,huyen_binh_chanh,10.80296285,106.7090322
128,51644,huyen_binh_chanh,10.80266515,106.70936044999999
129,31447,quan_tan_binh,10.8136644,106.63277740000001
130,31126,quan_tan_binh,10.8138884,106.6327436
131,31127,quan_tan_binh,10.8146499,106.6325416
132,31128,quan_tan_binh,10.8161413,106.63209595000001
133,31129,quan_tan_binh,10.81796385,106.63152435
134,31130,quan_tan_binh,10.81952755,106.63104659999999
135,31131,quan_tan_binh,10.8203159,106.63081
136,31132,quan_tan_binh,10.8205056,106.63075185
137,31282,quan_tan_binh,10.82040345,106.63050634999999
138,31283,quan_tan_binh,10.820221400000001,106.63056415
139,31284,quan_tan_binh,10.8199296,106.6306568
140,31285,quan_tan_binh,10.8192539,106.63086895
141,31286,quan_tan_binh,10.81798035,106.63126615
142,31287,quan_tan_binh,10.8172112,106.6315056
143,31288,quan_tan_binh,10.81706945,106.6315513
144,31289,quan_tan_binh,10.8160662,106.63186235
145,31290,quan_tan_binh,10.81502735,106.6321813
146,31291,quan_tan_binh,10.814244500000001,106.63241725
147,31451,quan_tan_binh,10.81361875,106.63265245
148,35227,quan_tan_phu,10.807515500000001,106.62175325000001
149,35229,quan_tan_phu,10.80742705,106.62173335
150,19596,quan_tan_phu,10.80742975,106.62188785000001
151,19595,quan_tan_phu,10.8076257,106.62100045
152,35226,quan_tan_phu,10.8075321,106.62169564999999
153,35228,quan_tan_phu,10.80743525,106.62167395
154,42743,quan_tan_phu,10.8075751,106.62175149999999
155,42742,quan_tan_phu,10.807485549999999,106.62216405
156,42744,quan_tan_phu,10.80765065,106.62141395
157,80744,huyen_binh_chanh,10.690039800000001,106.56830395
158,80745,huyen_binh_chanh,10.6901215,106.5685185
159,80746,huyen_binh_chanh,10.6902391,106.56880269999999
160,80747,huyen_binh_chanh,10.690441100000001,106.56931399999999
161,80748,huyen_binh_chanh,10.6905564,106.56962435
162,80749,huyen_binh_chanh,10.690579450000001,106.5696971
163,80646,huyen_binh_chanh,10.690631549999999,106.56983905
164,80619,huyen_binh_chanh,10.69075905,106.57025110000001
165,80620,huyen_binh_chanh,10.690933300000001,106.57090554999999
166,80621,huyen_binh_chanh,10.69107495,106.5714933
167,80622,huyen_binh_chanh,10.6911952,106.5720539
168,80623,huyen_binh_chanh,10.691277249999999,106.57245555
169,80624,huyen_binh_chanh,10.69132835,106.5727073
170,80625,huyen_binh_chanh,10.691365900000001,106.572893
171,80626,huyen_binh_chanh,10.6914045,106.5730896
172,80627,huyen_binh_chanh,10.691457549999999,106.5733619
173,80628,huyen_binh_chanh,10.69148195,106.57349074999999
174,80629,huyen_binh_chanh,10.69149745,106.57357255
175,80630,huyen_binh_chanh,10.69154685,106.57382865
176,9105,huyen_binh_chanh,10.691635,106.5740532
177,9104,huyen_binh_chanh,10.6916158,106.5739964
178,22132,quan_2,10.74605385,106.74627295
179,22133,quan_2,10.744019250000001,106.7420702
180,33591,huyen_binh_chanh,10.685998399999999,106.5755884
181,33592,huyen_binh_chanh,10.686353,106.5773891
182,9120,huyen_binh_chanh,10.6861162,106.57596225
183,9122,huyen_binh_chanh,10.68595235,106.57603395
184,9121,huyen_binh_chanh,10.6861384,106.57601805
185,9123,huyen_binh_chanh,10.68597715,106.57608855000001
186,33326,huyen_binh_chanh,10.68636895,106.57687204999999
187,33327,huyen_binh_chanh,10.6856343,106.57305075
188,9118,huyen_binh_chanh,10.6863006,106.57588765
189,9119,huyen_binh_chanh,10.6863232,106.57594325
190,22242,quan_7,10.72829125,106.70048270000001
191,22949,quan_7,10.72823055,106.70053385
192,22243,quan_7,10.728173850000001,106.70049655
193,22948,quan_7,10.7282395,106.69992830000001
194,48866,quan_7,10.728292750000001,106.70057355
195,22950,quan_7,10.7282318,106.70057975
196,48865,quan_7,10.72817745,106.7005888
197,22951,quan_7,10.728243899999999,106.70142235
198,43440,quan_7,10.728353850000001,106.70052055
199,32700,quan_7,10.728346049999999,106.69990960000001
200,56695,quan_7,10.7285792,106.70044785
201,43441,quan_7,10.72838615,106.70192975
202,48867,quan_7,10.72857925,106.7005384
203,32634,quan_7,10.72812115,106.70054965
204,32633,quan_7,10.72811695,106.70035834999999
205,82404,quan_7,10.7278839,106.7005349
206,32635,quan_7,10.7281256,106.70074155
207,22032,quan_7,10.72794915,106.7006179
208,31602,quan_7,10.727588350000001,106.70028325
209,31154,quan_tan_binh,10.8072585,106.6349309
210,31181,quan_tan_binh,10.8074468,106.6349331
211,36509,quan_tan_binh,10.8071906,106.63485635
212,31180,quan_tan_binh,10.80725665,106.6351099
213,31312,quan_tan_binh,10.807414300000001,106.63478485
214,31153,quan_tan_binh,10.80748865,106.63480295
215,42324,quan_tan_binh,10.8071773,106.63509785
216,31155,quan_tan_binh,10.806995350000001,106.63518475000001
217,31179,quan_tan_binh,10.8071322,106.63522635000001
218,31311,quan_tan_binh,10.80756095,106.63467925
219,31166,quan_tan_binh,10.807589,106.63450045
220,31167,quan_tan_binh,10.80714805,106.6346558
221,31311,quan_tan_binh,10.80756095,106.63467925
222,31310,quan_tan_binh,10.80778595,106.6345355
223,31165,quan_tan_binh,10.807844450000001,106.6344289
224,31312,quan_tan_binh,10.807414300000001,106.63478485
225,29863,quan_9,10.84445215,106.78132485
226,29861,quan_9,10.84461985,106.7810749
227,29865,quan_9,10.84435345,106.7815357
228,29864,quan_9,10.84450295,106.78135665
229,29862,quan_9,10.844669249999999,106.78110910000001
230,29866,quan_9,10.84440965,106.7815565
231,73119,quan_thu_duc,10.813694850000001,106.7568822
232,73120,quan_thu_duc,10.81331415,106.7568071
233,73121,quan_thu_duc,10.8129624,106.7567347
234,73122,quan_thu_duc,10.812536900000001,106.75665155
235,73123,quan_thu_duc,10.812064,106.7565697
236,73124,quan_thu_duc,10.8114475,106.75646645
237,73125,quan_thu_duc,10.8107085,106.7563136
238,73126,quan_thu_duc,10.8101737,106.7561822
239,73106,quan_thu_duc,10.80996665,106.7561712
240,30014,quan_thu_duc,10.80984595,106.7561672
241,51951,quan_thu_duc,10.80970595,106.75610405
242,51952,quan_thu_duc,10.809430849999998,106.7559964
243,51953,quan_thu_duc,10.80905215,106.75584545000001
244,51954,quan_thu_duc,10.8086528,106.75566145
245,51955,quan_thu_duc,10.80812685,106.7553891
246,51956,quan_thu_duc,10.80774345,106.75517275
247,69494,quan_thu_duc,10.807562449999999,106.7550456
248,69479,quan_thu_duc,10.807229150000001,106.75480835
249,69480,quan_thu_duc,10.806615449999999,106.7543493
250,69481,quan_thu_duc,10.8058681,106.7536796
251,41492,quan_tan_binh,10.785535750000001,106.6417992
252,41490,quan_tan_binh,10.786166049999999,106.6415579
253,8868,quan_tan_binh,10.7859439,106.64165795
254,8866,quan_tan_binh,10.7857124,106.64135110000001
255,58335,quan_tan_binh,10.78611575,106.6420719
256,8869,quan_tan_binh,10.7859915,106.64162155
257,8867,quan_tan_binh,10.785760400000001,106.6413151
258,41491,quan_tan_binh,10.78551435,106.64174320000001
259,41489,quan_tan_binh,10.786144449999998,106.64150190000001
260,58336,quan_tan_binh,10.786171549999999,106.6420501
261,33639,quan_thu_duc,10.8488674,106.77376
262,33638,quan_thu_duc,10.84938575,106.7742217
263,35761,quan_thu_duc,10.849105699999999,106.774055
264,29731,quan_thu_duc,10.84923755,106.77403745000001
265,29909,quan_thu_duc,10.849111950000001,106.77392535000001
266,35762,quan_thu_duc,10.849339050000001,106.77427495
267,29730,quan_thu_duc,10.8491261,106.7741562
268,37783,quan_thu_duc,10.84891655,106.77388555
269,29893,quan_thu_duc,10.8490043,106.7740471
270,33675,quan_thu_duc,10.8492438,106.7739078
271,29908,quan_thu_duc,10.84923755,106.77378515000001
272,35764,quan_thu_duc,10.8490268,106.77372355
273,33674,quan_thu_duc,10.84941945,106.7740765
274,29732,quan_thu_duc,10.8493412,106.77391575
275,52191,quan_thu_duc,10.8490247,106.77414830000001
276,52192,quan_thu_duc,10.849212099999999,106.77433305
277,29729,quan_thu_duc,10.84903145,106.77425475
278,52190,quan_thu_duc,10.848948499999999,106.77408059999999
279,29894,quan_thu_duc,10.848913199999998,106.7741485
280,56979,quan_thu_duc,10.8488993,106.77406955000001
281,52189,quan_thu_duc,10.8489213,106.7740396
282,68234,quan_6,10.749853850000001,106.64236015
283,62059,quan_6,10.749807449999999,106.64242515000001
284,62057,quan_6,10.749794999999999,106.6422165
285,68238,quan_6,10.749416799999999,106.6424055
286,68236,quan_6,10.7497656,106.64235504999999
287,68233,quan_6,10.74985685,106.64230015000001
288,62058,quan_6,10.749747450000001,106.64242715
289,68235,quan_6,10.7497788,106.64229645
290,62056,quan_6,10.7497352,106.6422215
291,68237,quan_6,10.7494084,106.6423461
292,68232,quan_6,10.75018205,106.64240235
293,68231,quan_6,10.75019125,106.64234314999999
294,62061,quan_6,10.7498079,106.64267960000001
295,62060,quan_6,10.7497479,106.6426786
296,51461,quan_thu_duc,10.8536431,106.7513624
297,16647,quan_thu_duc,10.853648150000001,106.7512328
298,16649,quan_thu_duc,10.8534955,106.7513519
299,51462,quan_thu_duc,10.85322755,106.75111545
300,16646,quan_thu_duc,10.853613150000001,106.7511842
301,16648,quan_thu_duc,10.8534537,106.7513089
302,55929,quan_thu_duc,10.85358505,106.7514502
303,16651,quan_thu_duc,10.85341225,106.75142935
304,55928,quan_thu_duc,10.85320005,106.75123529999999
305,16650,quan_thu_duc,10.85337225,106.75138455000001
306,36296,quan_tan_binh,10.8014844,106.63727420000001
307,41416,quan_tan_binh,10.80171615,106.6367251
308,41414,quan_tan_binh,10.801811,106.6367324
309,39573,quan_tan_binh,10.80182855,106.636798
310,36330,quan_tan_binh,10.80184725,106.63665904999999
311,39574,quan_tan_binh,10.8021186,106.6365823
312,41415,quan_tan_binh,10.801707350000001,106.63666570000001
313,41413,quan_tan_binh,10.8018518,106.6366884
314,64931,quan_tan_binh,10.8017446,106.63695135
315,34152,quan_12,10.8617724,106.67056704999999
316,34241,quan_12,10.8617648,106.67001865
317,34303,quan_12,10.86175385,106.6691926
318,34304,quan_12,10.861747099999999,106.6678419
319,34305,quan_12,10.8617469,106.6669636
320,34306,quan_12,10.86174535,106.66666814999999
321,34307,quan_12,10.8617443,106.66647295
322,34308,quan_12,10.8617441,106.66587215
323,34302,quan_12,10.86173215,106.66479774999999
324,32790,quan_12,10.86171275,106.6638979
325,32791,quan_12,10.861688050000001,106.663212
326,32792,quan_12,10.86166315,106.66271309999999
327,32793,quan_12,10.8616534,106.66237369999999
328,32794,quan_12,10.861650950000001,106.66216779999999
329,32795,quan_12,10.8616499,106.66182135
330,32796,quan_12,10.861654699999999,106.66125395
331,32797,quan_12,10.86167245,106.66077949999999
332,32798,quan_12,10.861708199999999,106.66007135
333,32799,quan_12,10.86174715,106.65912865
334,32800,quan_12,10.8617854,106.6581928
335,32801,quan_12,10.86182335,106.6574605
336,32802,quan_12,10.861839,106.6571749
337,32803,quan_12,10.8618432,106.65709335
338,32804,quan_12,10.8618516,106.6569256
339,32805,quan_12,10.8618634,106.6566864
340,32806,quan_12,10.8618951,106.6559183
341,32807,quan_12,10.861931649999999,106.65521494999999
342,32808,quan_12,10.8619529,106.65507135
343,32809,quan_12,10.861967750000002,106.65494405000001
344,42955,quan_binh_tan,10.773647799999999,106.62147730000001
345,42957,quan_binh_tan,10.77376585,106.62113155
346,8723,quan_binh_tan,10.77372125,106.6214473
347,8722,quan_binh_tan,10.77366665,106.6214723
348,8721,quan_binh_tan,10.7736637,106.62130445
349,8720,quan_binh_tan,10.7736063,106.62132205
350,42956,quan_binh_tan,10.773590800000001,106.6214585
351,42958,quan_binh_tan,10.77370925,106.62111195
352,60431,quan_binh_tan,10.77365805,106.62152929999999
353,60429,quan_binh_tan,10.774052000000001,106.6215023
354,71374,quan_binh_tan,10.77362975,106.62120505
355,71373,quan_binh_tan,10.77357375,106.62122665000001
356,8725,quan_binh_tan,10.77394655,106.62185555
357,42881,quan_binh_tan,10.77356015,106.62154079999999
358,8724,quan_binh_tan,10.77389455,106.62188555
359,42953,quan_binh_tan,10.773572900000001,106.62172269999999
360,60432,quan_binh_tan,10.77366445,106.6215889
361,60430,quan_binh_tan,10.7740556,106.6215621
362,42954,quan_binh_tan,10.7735153,106.6217061
363,42883,quan_binh_tan,10.7734449,106.6215551
364,42882,quan_binh_tan,10.77356895,106.6216002
365,71371,quan_binh_tan,10.773365,106.6207885
366,42884,quan_binh_tan,10.7734519,106.62161470000001
367,71372,quan_binh_tan,10.773419,106.6207623
368,41330,quan_tan_binh,10.8040324,106.63576695
369,39577,quan_tan_binh,10.80349385,106.6359336
370,41285,quan_tan_binh,10.80387715,106.63578104999999
371,33265,quan_tan_binh,10.80389765,106.63598295
372,41286,quan_tan_binh,10.80381735,106.63578584999999
373,33264,quan_tan_binh,10.80383805,106.63598935
374,58181,quan_tan_binh,10.8034803,106.6358575
375,31151,quan_tan_binh,10.804087899999999,106.63567044999999
376,79315,quan_tan_binh,10.8038475,106.63544505
377,79316,quan_tan_binh,10.8037877,106.63545045000001
378,34705,quan_12,10.862084549999999,106.65184465
379,34706,quan_12,10.86212555,106.6509041
380,34707,quan_12,10.8621302,106.6504627
381,34708,quan_12,10.8621132,106.650143
382,34709,quan_12,10.8620848,106.6498856
383,34659,quan_12,10.86201225,106.64988595
384,34660,quan_12,10.86204205,106.6501182
385,34661,quan_12,10.862059,106.65032765
386,34662,quan_12,10.862063,106.65052585000001
387,34663,quan_12,10.86206095,106.65072685000001
388,34664,quan_12,10.8620506,106.6509923
389,34665,quan_12,10.86202005,106.65150365
390,69051,huyen_binh_chanh,10.7192463,106.65569305
391,20217,huyen_binh_chanh,10.716941349999999,106.6526715
392,20218,huyen_binh_chanh,10.71991735,106.65645025
393,69053,huyen_binh_chanh,10.719539050000002,106.6557057
394,69050,huyen_binh_chanh,10.7192437,106.65575305
395,69052,huyen_binh_chanh,10.71953645,106.6557657
396,32551,huyen_binh_chanh,10.7192077,106.65581835
397,32550,huyen_binh_chanh,10.718458250000001,106.65486229999999
398,69049,huyen_binh_chanh,10.71885215,106.65567605
399,69048,huyen_binh_chanh,10.71884955,106.65573605
400,32552,huyen_binh_chanh,10.7197839,106.6565401
401,41426,quan_tan_binh,10.8003797,106.637034
402,41424,quan_tan_binh,10.8006367,106.63697049999999
403,41425,quan_tan_binh,10.8003639,106.63697619999999
404,41423,quan_tan_binh,10.8006239,106.6369119
405,41421,quan_tan_binh,10.80086205,106.636858
406,41422,quan_tan_binh,10.80087585,106.6369164
407,41428,quan_tan_binh,10.799984250000001,106.63714300000001
408,41427,quan_tan_binh,10.79996825,106.6370852
409,47571,quan_1,10.77530045,106.7066955
410,47572,quan_1,10.7755986,106.7067076
411,49917,quan_1,10.77572975,106.7067104
412,49918,quan_1,10.77588675,106.70672250000001
413,39651,quan_1,10.77606065,106.70677005
414,39653,quan_1,10.7763811,106.70683785
415,39655,quan_1,10.77683165,106.7069371
416,39657,quan_1,10.77711985,106.70700604999999
417,39659,quan_1,10.7772465,106.70703599999999
418,39661,quan_1,10.777343649999999,106.70705175
419,39663,quan_1,10.777428449999999,106.70706820000001
420,39665,quan_1,10.777477900000001,106.70708045
421,39667,quan_1,10.777844250000001,106.70717785
422,39669,quan_1,10.778198249999999,106.70727205
423,39671,quan_1,10.7785194,106.70736015
424,39673,quan_1,10.77883895,106.70744785
425,39675,quan_1,10.77909215,106.70753155
426,39677,quan_1,10.779367950000001,106.7076232
427,39679,quan_1,10.779690949999999,106.7077044
428,39681,quan_1,10.7800463,106.707795
429,39683,quan_1,10.7803316,106.7078726
430,39685,quan_1,10.780572849999999,106.70793695
431,39687,quan_1,10.78064455,106.70795765
432,30542,quan_1,10.780747550000001,106.70791775000001
433,30543,quan_1,10.7809892,106.70769154999999
434,30544,quan_1,10.781344050000001,106.70731334999999
435,30545,quan_1,10.78154805,106.70709595
436,30546,quan_1,10.7816835,106.70695165000001
437,30547,quan_1,10.782078649999999,106.70652104999999
438,36520,quan_4,10.753515700000001,106.70213035
439,36519,quan_4,10.751304900000001,106.7023302
440,26792,quan_4,10.752628399999999,106.70214849999999
441,34812,quan_5,10.7679388,106.69540305000001
442,39101,quan_5,10.7680194,106.6954193
443,34811,quan_5,10.76800265,106.69536405
444,39100,quan_5,10.76737795,106.69485695
445,60135,quan_5,10.76794625,106.6954639
446,34813,quan_5,10.767845999999999,106.69545975
447,60134,quan_5,10.76760805,106.69517115
448,34818,quan_5,10.76802685,106.69548015
449,60136,quan_5,10.7682363,106.69571725
450,34817,quan_5,10.76767995,106.6956911
451,49671,quan_5,10.767574549999999,106.69495119999999
452,34810,quan_5,10.76806245,106.6953275
453,49670,quan_5,10.76807415,106.69538589999999
454,34819,quan_5,10.7680909,106.69544115
455,39102,quan_5,10.769126750000002,106.69639004999999
456,49669,quan_5,10.7686733,106.69590455
457,34820,quan_5,10.76815075,106.6954047
458,62253,quan_5,10.7680525,106.69527025
459,62252,quan_5,10.76813905,106.69534630000001
460,34809,quan_5,10.7686602,106.6949623
461,63346,quan_10,10.76379745,106.6599908
462,36728,quan_10,10.7638198,106.6599366
463,58217,quan_10,10.76386595,106.6600196
464,63347,quan_10,10.7638997,106.66018145
465,58216,quan_10,10.76367865,106.66007205
466,63375,quan_10,10.7638883,106.6599654
467,36727,quan_10,10.763967000000001,106.65989545
468,63338,quan_10,10.76381825,106.6598376
469,36729,quan_10,10.76334765,106.6600687
470,63382,quan_10,10.7634269,106.65931425
471,63374,quan_10,10.76396085,106.66009975
472,58218,quan_10,10.76398815,106.6599854
473,16089,huyen_hoc_mon,10.87777305,106.5914128
474,51246,huyen_hoc_mon,10.87781855,106.5914151
475,51247,huyen_hoc_mon,10.87801275,106.5912775
476,51248,huyen_hoc_mon,10.87878645,106.590737
477,51249,huyen_hoc_mon,10.87990955,106.58994580000001
478,51250,huyen_hoc_mon,10.880515500000001,106.5895134
479,51251,huyen_hoc_mon,10.880871599999999,106.58926805
480,51252,huyen_hoc_mon,10.88124665,106.58901015000001
481,51253,huyen_hoc_mon,10.88147905,106.58884284999999
482,51254,huyen_hoc_mon,10.88244855,106.588151
483,51255,huyen_hoc_mon,10.8836344,106.58732075
484,4624,huyen_hoc_mon,10.88391815,106.58694220000001
485,75944,huyen_hoc_mon,10.88347275,106.5872187
486,75945,huyen_hoc_mon,10.882503,106.58789265
487,75946,huyen_hoc_mon,10.881450749999999,106.58862355
488,75947,huyen_hoc_mon,10.8805768,106.5892418
489,75948,huyen_hoc_mon,10.879863,106.58974875
490,75949,huyen_hoc_mon,10.87913725,106.59026875
491,75950,huyen_hoc_mon,10.87822125,106.59091860000001
492,16084,huyen_hoc_mon,10.87767975,106.59123875
493,16083,huyen_hoc_mon,10.87765495,106.59129335
494,74644,huyen_hoc_mon,10.83443415,106.60705519999999
495,19640,huyen_hoc_mon,10.83435985,106.60709245
496,19641,huyen_hoc_mon,10.834554149999999,106.60720585
497,74643,huyen_hoc_mon,10.83437595,106.60715345
498,74648,huyen_hoc_mon,10.83435335,106.6070074
499,74649,huyen_hoc_mon,10.834242,106.60718589999999
500,19639,huyen_hoc_mon,10.834249400000001,106.60702814999999
501,59365,huyen_hoc_mon,10.83442765,106.60697015
502,39116,huyen_hoc_mon,10.8346016,106.60706905
503,74622,huyen_hoc_mon,10.83449155,106.60696465000001
504,59366,huyen_hoc_mon,10.8342328,106.6068531
505,74647,huyen_hoc_mon,10.8344556,106.60685755
506,74642,huyen_hoc_mon,10.834282850000001,106.60728775000001
507,74623,huyen_hoc_mon,10.83456535,106.60686315000001
508,42436,quan_tan_binh,10.80112965,106.65732564999999
509,31201,quan_tan_binh,10.801054149999999,106.6575105
510,42435,quan_tan_binh,10.8010986,106.65769315
511,31200,quan_tan_binh,10.80105175,106.65757049999999
512,42426,quan_tan_binh,10.80101255,106.657297
513,33185,quan_tan_binh,10.800940149999999,106.65751095
514,42427,quan_tan_binh,10.80098835,106.65770735000001
515,33186,quan_tan_binh,10.80094295,106.65757095000001
516,33187,quan_tan_binh,10.8008655,106.65751455
517,33188,quan_tan_binh,10.8008685,106.65757454999999
518,33190,quan_tan_binh,10.8005592,106.65765545
519,33189,quan_tan_binh,10.8005434,106.65759765
520,24373,huyen_binh_chanh,10.7221773,106.60092929999999
521,24374,huyen_binh_chanh,10.72243915,106.60099555
522,34359,huyen_binh_chanh,10.722335050000002,106.60091215
523,34358,huyen_binh_chanh,10.72231275,106.60081265
524,26224,huyen_binh_chanh,10.722484999999999,106.6008175
525,34357,huyen_binh_chanh,10.72232535,106.60057075
526,26225,huyen_binh_chanh,10.722294250000001,106.60075895
527,26226,huyen_binh_chanh,10.722033,106.60066755
528,24375,huyen_binh_chanh,10.722562100000001,106.60104685
529,37192,quan_7,10.7382103,106.7183394
530,34500,quan_7,10.73824465,106.71839735
531,82225,quan_7,10.738260400000001,106.7181808
532,37191,quan_7,10.738216300000001,106.7182798
533,82237,quan_7,10.7381566,106.7186864
534,37194,quan_7,10.73798275,106.71832495
535,82236,quan_7,10.7381892,106.718175
536,37193,quan_7,10.737986150000001,106.71826494999999
537,34499,quan_7,10.7382352,106.71856475
538,33240,quan_tan_binh,10.800370449999999,106.6611287
539,33239,quan_tan_binh,10.8003198,106.6610847
540,33241,quan_tan_binh,10.8004472,106.6611535
541,23933,quan_tan_binh,10.8004864,106.66131709999999
542,33238,quan_tan_binh,10.8002778,106.66102219999999
543,33242,quan_tan_binh,10.8005256,106.66116015
544,33237,quan_tan_binh,10.800250850000001,106.66096060000001
545,33243,quan_tan_binh,10.80056765,106.66115260000001
546,33227,quan_tan_binh,10.8006034,106.66093015
547,33228,quan_tan_binh,10.800567449999999,106.66087784999999
548,33229,quan_tan_binh,10.80051885,106.66083505
549,33236,quan_tan_binh,10.8002509,106.6609066
550,36246,quan_tan_binh,10.80015345,106.6609257
551,33244,quan_tan_binh,10.800592250000001,106.66113375
552,33226,quan_tan_binh,10.800625499999999,106.66098345
553,33225,quan_tan_binh,10.800629149999999,106.66102635
554,33224,quan_tan_binh,10.80062445,106.6610685
555,33223,quan_tan_binh,10.80061165,106.66110445
556,51200,quan_tan_binh,10.8006967,106.6613426
557,31152,quan_tan_binh,10.8007427,106.66095580000001
558,33230,quan_tan_binh,10.800452,106.6608035
559,40756,quan_tan_binh,10.800553950000001,106.66078694999999
560,33235,quan_tan_binh,10.80027215,106.66085705
561,33231,quan_tan_binh,10.800401449999999,106.66079365
562,33247,quan_tan_binh,10.80010815,106.66071704999999
563,33232,quan_tan_binh,10.80037355,106.66079245
564,33234,quan_tan_binh,10.80030755,106.66081965000001
565,33233,quan_tan_binh,10.80034535,106.6607987
566,33248,quan_tan_binh,10.80014815,106.66067225
567,22126,quan_2,10.7438872,106.742096
568,22127,quan_2,10.7459396,106.7463253
569,51125,quan_1,10.782592,106.69843610000001
570,58805,quan_1,10.7832808,106.6984437
571,51127,quan_1,10.7828959,106.69808395
572,58804,quan_1,10.78275175,106.6979477
573,51129,quan_1,10.7832394,106.69769505
574,51126,quan_1,10.7825466,106.6983969
575,51128,quan_1,10.7828511,106.69804415
576,51130,quan_1,10.7831944,106.69765525
577,21519,quan_3,10.773652250000001,106.68944405
578,45469,quan_3,10.773602499999999,106.68945945
579,39068,quan_3,10.773770800000001,106.6896261
580,36756,quan_3,10.77353235,106.6896648
581,39276,quan_3,10.7738767,106.6890272
582,39069,quan_3,10.7736467,106.68937690000001
583,62624,quan_3,10.77359695,106.68939230000001
584,36747,quan_3,10.77337085,106.68981099999999
585,45468,quan_3,10.773133,106.6890195
586,39264,quan_3,10.7738732,106.68889585
587,39265,quan_3,10.77350445,106.68924285
588,80046,quan_3,10.773601750000001,106.6897702
589,80048,quan_3,10.7737213,106.68977565
590,80044,quan_3,10.77348415,106.68979445
591,80050,quan_3,10.7738467,106.6897986
592,80047,quan_3,10.7737167,106.68983545
593,80045,quan_3,10.773601750000001,106.6898302
594,80043,quan_3,10.77350495,106.68985085
595,39266,quan_3,10.77321375,106.68897305
596,80049,quan_3,10.7738271,106.6898554
597,49974,quan_3,10.77396865,106.6898202
598,80052,quan_3,10.7739614,106.6898285
599,36755,quan_3,10.7733291,106.6900356
600,45962,huyen_binh_chanh,10.72363445,106.57588745
601,45960,huyen_binh_chanh,10.72595625,106.57641875
602,74064,huyen_binh_chanh,10.72576085,106.57633605000001
603,45961,huyen_binh_chanh,10.72594305,106.57647735
604,45957,huyen_binh_chanh,10.7248674,106.57606985
605,45963,huyen_binh_chanh,10.7259773,106.5763354
606,74063,huyen_binh_chanh,10.72581865,106.57635205
607,74062,huyen_binh_chanh,10.7256966,106.5766475
608,74061,huyen_binh_chanh,10.7257564,106.5766521
609,74066,huyen_binh_chanh,10.725860149999999,106.5760415
610,74065,huyen_binh_chanh,10.72591435,106.5760673
611,74059,huyen_binh_chanh,10.72576975,106.57685860000001
612,74060,huyen_binh_chanh,10.72571095,106.5768702
613,39494,quan_1,10.786843300000001,106.7013577
614,39489,quan_1,10.7866307,106.70160445
615,74432,quan_1,10.7865923,106.70163005
616,52242,quan_1,10.786357,106.70133675
617,39488,quan_1,10.786679,106.70164930000001
618,22627,quan_1,10.786570600000001,106.7016726
619,22626,quan_1,10.786353850000001,106.70146485
620,84424,quan_1,10.78653975,106.70171909999999
621,39432,quan_1,10.78650705,106.7016809
622,22628,quan_1,10.78661805,106.70171934999999
623,39487,quan_1,10.786946149999999,106.7018975
624,22629,quan_1,10.786915950000001,106.70199855
625,39433,quan_1,10.786313700000001,106.7018506
626,84423,quan_1,10.786399849999999,106.7019005
627,18272,quan_go_vap,10.849738299999999,106.66504845
628,18270,quan_go_vap,10.85000935,106.66460384999999
629,58719,quan_go_vap,10.8496039,106.66494635000001
630,58721,quan_go_vap,10.84993575,106.66501685
631,58720,quan_go_vap,10.8496181,106.66488795000001
632,58722,quan_go_vap,10.84994535,106.66495765
633,18273,quan_go_vap,10.849789900000001,106.66507925
634,18271,quan_go_vap,10.85006055,106.66463525
635,18274,quan_go_vap,10.849627600000002,106.66523140000001
636,18275,quan_go_vap,10.8496786,106.6652628
637,58723,quan_go_vap,10.85015145,106.6650504
638,58724,quan_go_vap,10.85016025,106.664991
639,34940,quan_7,10.7403351,106.7009121
640,34915,quan_7,10.74037835,106.7009692
641,34914,quan_7,10.73936725,106.70078465
642,34941,quan_7,10.74017495,106.70180479999999
643,22726,quan_7,10.7403952,106.70087605
644,22727,quan_7,10.740129849999999,106.70082909999999
645,36535,quan_7,10.7403751,106.70069155
646,34939,quan_7,10.74043845,106.70093315
647,34916,quan_7,10.740898699999999,106.70106154999999
648,34938,quan_7,10.74041465,106.70107755000001
649,27098,quan_7,10.74052965,106.70039485000001
650,22725,quan_7,10.74071395,106.70093355
651,34937,quan_7,10.74026375,106.7019243
652,82401,quan_11,10.762134750000001,106.65707115000001
653,63404,quan_11,10.7621727,106.65702655
654,63378,quan_11,10.7621974,106.6570691
655,63403,quan_11,10.76215325,106.65698965
656,63415,quan_11,10.76221275,106.65699655
657,6527,quan_11,10.7620916,106.65700774999999
658,82400,quan_11,10.76215945,106.6571137
659,63402,quan_11,10.76210845,106.6569048
660,63379,quan_11,10.7623224,106.65729490000001
661,63416,quan_11,10.76226165,106.65708365
662,5922,quan_11,10.7617339,106.6573797
663,6526,quan_11,10.7620688,106.65695215
664,61609,quan_11,10.76226685,106.65699265
665,61610,quan_11,10.762197100000002,106.6568622
666,40501,quan_11,10.7630961,106.6563867
667,6529,quan_11,10.7620003,106.65704260000001
668,63345,quan_11,10.76229105,106.65703719999999
669,63344,quan_11,10.762416850000001,106.6572676
670,21674,quan_11,10.7624679,106.65694755
671,6528,quan_11,10.7619811,106.6569858
672,20934,quan_phu_nhuan,10.7931962,106.67970059999999
673,20933,quan_phu_nhuan,10.79268505,106.68057635
674,23879,quan_phu_nhuan,10.792987799999999,106.68000765
675,20826,quan_phu_nhuan,10.793243499999999,106.6801721
676,23880,quan_phu_nhuan,10.792955800000001,106.68005844999999
677,20827,quan_phu_nhuan,10.7932111,106.6802225
678,23881,quan_phu_nhuan,10.79294275,106.6799793
679,23882,quan_phu_nhuan,10.79291075,106.6800301
680,29692,quan_phu_nhuan,10.79315595,106.67956335
681,29693,quan_phu_nhuan,10.79262715,106.68045255
682,36419,quan_phu_nhuan,10.7928586,106.67992860000001
683,36420,quan_phu_nhuan,10.792828,106.67998019999999
684,69842,quan_thu_duc,10.825529,106.71424214999999
685,69843,quan_thu_duc,10.82556805,106.71434775
686,69844,quan_thu_duc,10.82563395,106.7144318
687,69845,quan_thu_duc,10.8257212,106.71449240000001
688,69846,quan_thu_duc,10.82580785,106.7145236
689,69847,quan_thu_duc,10.8258856,106.71453009999999
690,69848,quan_thu_duc,10.82596285,106.71451925
691,69849,quan_thu_duc,10.826035950000001,106.7144916
692,69850,quan_thu_duc,10.8261014,106.71444844999999
693,69851,quan_thu_duc,10.826159,106.714387
694,27284,quan_thu_duc,10.826474650000002,106.71436729999999
695,27285,quan_thu_duc,10.826834600000002,106.71438315
696,27286,quan_thu_duc,10.826990850000001,106.7143824
697,27287,quan_thu_duc,10.827295450000001,106.71436589999999
698,27288,quan_thu_duc,10.827594699999999,106.71434355
699,27289,quan_thu_duc,10.8282451,106.71430509999999
700,27290,quan_thu_duc,10.8292749,106.71424644999999
701,27291,quan_thu_duc,10.83002995,106.71420695
702,27292,quan_thu_duc,10.8304291,106.71418895
703,27293,quan_thu_duc,10.830652950000001,106.71417885
704,27294,quan_thu_duc,10.830930850000001,106.7141663
705,27295,quan_thu_duc,10.831298700000001,106.71416095000001
706,27296,quan_thu_duc,10.8319306,106.7141395
707,27297,quan_thu_duc,10.832371850000001,106.71411549999999
708,27298,quan_thu_duc,10.83258955,106.7141011
709,27299,quan_thu_duc,10.8329966,106.71407875
710,27300,quan_thu_duc,10.83373655,106.7140479
711,27301,quan_thu_duc,10.834495749999999,106.71400270000001
712,18201,quan_thu_duc,10.834904,106.71396375
713,72170,huyen_binh_chanh,10.813583999999999,106.57932545
714,73744,huyen_binh_chanh,10.81340145,106.57928290000001
715,72168,huyen_binh_chanh,10.81312125,106.5786048
716,14062,huyen_binh_chanh,10.8138179,106.58022815000001
717,795,huyen_binh_chanh,10.81406875,106.57997205
718,72171,huyen_binh_chanh,10.8136312,106.57928824999999
719,72169,huyen_binh_chanh,10.81317205,106.578573
720,73743,huyen_binh_chanh,10.813397049999999,106.57922310000001
721,796,huyen_binh_chanh,10.814116949999999,106.57993625
722,14063,huyen_binh_chanh,10.8138765,106.58021514999999
723,73746,huyen_binh_chanh,10.81308095,106.5792656
724,73745,huyen_binh_chanh,10.81309155,106.57920659999999
725,11590,quan_go_vap,10.836499100000001,106.6583486
726,71205,quan_go_vap,10.8365167,106.65827515000001
727,71240,quan_go_vap,10.8364869,106.65835335
728,71204,quan_go_vap,10.8368293,106.65827005
729,71203,quan_go_vap,10.8368143,106.65821205
730,71239,quan_go_vap,10.836484899999999,106.65829335000001
731,71242,quan_go_vap,10.8364474,106.65835405
732,71241,quan_go_vap,10.8364472,106.65829405
733,11589,quan_go_vap,10.836442049999999,106.65858639999999
734,35407,quan_go_vap,10.8364428,106.65826705
735,35408,quan_go_vap,10.8364227,106.65834375
736,35409,quan_go_vap,10.836389650000001,106.65846785
737,71206,quan_go_vap,10.836535600000001,106.65819635
738,35406,quan_go_vap,10.8364823,106.65809540000001
739,71207,quan_go_vap,10.8366507,106.6577374
740,35410,quan_go_vap,10.8362967,106.65881759999999
741,35405,quan_go_vap,10.8365153,106.65795095
742,35404,quan_go_vap,10.83657885,106.6577162
743,18383,quan_go_vap,10.842067400000001,106.67646565000001
744,47639,quan_go_vap,10.84204985,106.6766106
745,47640,quan_go_vap,10.84178485,106.67650520000001
746,18385,quan_go_vap,10.8419852,106.67660095
747,18382,quan_go_vap,10.842016000000001,106.67643444999999
748,18384,quan_go_vap,10.8419342,106.67656935
749,18387,quan_go_vap,10.841973450000001,106.67662010000001
750,18386,quan_go_vap,10.84192225,106.6765887
751,60667,quan_go_vap,10.84271305,106.6769151
752,60666,quan_go_vap,10.841765200000001,106.67654329999999
753,80398,quan_go_vap,10.841873849999999,106.67678855
754,80397,quan_go_vap,10.84182225,106.67675815
755,47638,quan_go_vap,10.84248585,106.67677425
756,18381,quan_go_vap,10.84222135,106.6762373
757,18380,quan_go_vap,10.84217355,106.6762011
758,72286,quan_binh_tan,10.8248912,106.6029645
759,33412,quan_binh_tan,10.824840250000001,106.6030029
760,72287,quan_binh_tan,10.8236107,106.60267825
761,39359,quan_binh_tan,10.8248176,106.60291575
762,72382,quan_binh_tan,10.82488005,106.60289785
763,11405,quan_binh_tan,10.82495365,106.6029466
764,19627,quan_binh_tan,10.82491025,106.60306944999999
765,65981,quan_binh_tan,10.8249612,106.60303105
766,72285,quan_binh_tan,10.8252434,106.60303915
767,33413,quan_binh_tan,10.824852750000002,106.6030942
768,19626,quan_binh_tan,10.82462,106.603009
769,72381,quan_binh_tan,10.82527825,106.60298725
770,11406,quan_binh_tan,10.825167,106.60175375
771,72383,quan_binh_tan,10.824603750000001,106.6028349
772,39358,quan_binh_tan,10.82498215,106.60196015
773,65980,quan_binh_tan,10.82496735,106.60311695
774,19628,quan_binh_tan,10.82549555,106.60319050000001
775,73906,quan_binh_tan,10.824909850000001,106.60314170000001
776,73905,quan_binh_tan,10.8243293,106.60301665
777,33414,quan_binh_tan,10.82484645,106.6031764
778,65979,quan_binh_tan,10.824972899999999,106.60319104999999
779,73907,quan_binh_tan,10.8252673,106.6032134
780,33415,quan_binh_tan,10.8245015,106.60376579999999
781,65978,quan_binh_tan,10.82495685,106.60326055
782,33600,huyen_binh_chanh,10.68451795,106.56711585
783,33586,huyen_binh_chanh,10.684443550000001,106.5671343
784,33601,huyen_binh_chanh,10.68427235,106.5660991
785,33585,huyen_binh_chanh,10.684585299999998,106.56703675
786,33578,huyen_binh_chanh,10.68461305,106.56715835
787,33577,huyen_binh_chanh,10.6844547,106.56719555000001
788,33599,huyen_binh_chanh,10.684686899999999,106.5679845
789,33459,huyen_binh_chanh,10.6841513,106.5662982
790,33584,huyen_binh_chanh,10.6857119,106.5672472
791,54525,huyen_binh_chanh,10.6843149,106.5671964
792,33460,huyen_binh_chanh,10.684487350000001,106.56766
793,33579,huyen_binh_chanh,10.68540305,106.56729394999999
794,54526,huyen_binh_chanh,10.684326500000001,106.5672552
795,41835,huyen_binh_chanh,10.7340909,106.65613685
796,78438,huyen_binh_chanh,10.7340486,106.6561208
797,41834,huyen_binh_chanh,10.7340899,106.65619685
798,5246,huyen_binh_chanh,10.7340485,106.6564393
799,41833,huyen_binh_chanh,10.73395885,106.65613445
800,41832,huyen_binh_chanh,10.73395765,106.65619445
801,78437,huyen_binh_chanh,10.7341059,106.65612175000001
802,63735,huyen_binh_chanh,10.73417555,106.65669225
803,41837,huyen_binh_chanh,10.734375400000001,106.65614145
804,41836,huyen_binh_chanh,10.7343744,106.65620145
805,31833,huyen_binh_chanh,10.73409435,106.65581195
806,31834,huyen_binh_chanh,10.73403435,106.65581195
807,41831,huyen_binh_chanh,10.7336918,106.65612494999999
808,41830,huyen_binh_chanh,10.7336892,106.65618495000001
809,59330,quan_phu_nhuan,10.79919995,106.68023385000001
810,71452,quan_phu_nhuan,10.799247900000001,106.68021485
811,55261,quan_phu_nhuan,10.799259450000001,106.6801854
812,51153,quan_phu_nhuan,10.7991545,106.68017739999999
813,59332,quan_phu_nhuan,10.79913945,106.68026015000001
814,83714,quan_phu_nhuan,10.79931485,106.6803018
815,3057,quan_phu_nhuan,10.79956415,106.6801336
816,55275,quan_phu_nhuan,10.79920915,106.6803338
817,59329,quan_phu_nhuan,10.79922255,106.68028945
818,71451,quan_phu_nhuan,10.799269500000001,106.68027085
819,55262,quan_phu_nhuan,10.799226350000001,106.68007435
820,59331,quan_phu_nhuan,10.79916445,106.68031475000001
821,56878,quan_phu_nhuan,10.7988079,106.68041525
822,56877,quan_phu_nhuan,10.798833299999998,106.68046964999999
823,51152,quan_phu_nhuan,10.799122749999999,106.67996485
824,55276,quan_phu_nhuan,10.799270799999999,106.6804571
825,83713,quan_phu_nhuan,10.799371350000001,106.68041339999999
826,55263,quan_phu_nhuan,10.79921485,106.67995285
827,83712,quan_phu_nhuan,10.79978015,106.6808559
828,55277,quan_phu_nhuan,10.7995311,106.68073444999999
829,55264,quan_phu_nhuan,10.79922655,106.67969645
830,45829,quan_5,10.75945555,106.68401395000001
831,52073,quan_5,10.75870345,106.6842463
832,60307,quan_5,10.75942215,106.68392539999999
833,52072,quan_5,10.75976735,106.68383324999999
834,36293,quan_5,10.75932035,106.68412095
835,45827,quan_5,10.75949345,106.6841088
836,45828,quan_5,10.75951175,106.68399295
837,36294,quan_5,10.76026775,106.6837667
838,60308,quan_5,10.75947835,106.6839042
839,45826,quan_5,10.75954865,106.6840854
840,60305,quan_5,10.75932855,106.6836504
841,60306,quan_5,10.759385550000001,106.6836314
842,45825,quan_5,10.759614899999999,106.6844467
843,45824,quan_5,10.7596715,106.6844269
844,78891,quan_12,10.8671546,106.6155612
845,78889,quan_12,10.867531,106.61545484999999
846,52619,quan_12,10.867181299999999,106.61535935
847,52618,quan_12,10.8671443,106.61540655
848,57892,quan_12,10.8675164,106.61573725
849,57891,quan_12,10.867558800000001,106.61569485000001
850,78892,quan_12,10.867171599999999,106.6156188
851,78890,quan_12,10.8675466,106.61551284999999
852,79656,quan_12,10.867019899999999,106.61549025
853,79657,quan_12,10.8670107,106.6155519
854,79655,quan_12,10.867014600000001,106.6154279
855,79658,quan_12,10.8669852,106.61561495000001
856,79654,quan_12,10.86700935,106.61537154999999
857,82196,quan_7,10.75272035,106.72854365
858,82197,quan_7,10.75296255,106.72852929999999
859,82198,quan_7,10.7533482,106.7284945
860,82199,quan_7,10.753695350000001,106.72842685
861,82200,quan_7,10.7539092,106.7283446
862,82201,quan_7,10.75407555,106.72824195
863,82202,quan_7,10.75422885,106.7281026
864,82203,quan_7,10.75435735,106.7279485
865,36917,quan_7,10.75445175,106.72781375
866,82186,quan_7,10.754393499999999,106.7277764
867,82187,quan_7,10.75428025,106.7279444
868,82188,quan_7,10.7541397,106.72810935
869,82189,quan_7,10.7540216,106.7282092
870,82190,quan_7,10.75388175,106.72828815
871,82191,quan_7,10.7536788,106.72835565
872,82192,quan_7,10.75341625,106.72840389999999
873,82193,quan_7,10.7532265,106.72842745
874,82194,quan_7,10.752982849999999,106.72844065
875,82195,quan_7,10.75271885,106.72845319999999
876,34453,quan_tan_phu,10.81617765,106.60110750000001
877,34454,quan_tan_phu,10.81623605,106.6011215
878,65966,quan_tan_phu,10.816368449999999,106.6012288
879,65965,quan_tan_phu,10.81637935,106.60112075
880,73893,quan_tan_phu,10.81642925,106.6013002
881,42771,quan_tan_phu,10.8161339,106.6013192
882,42805,quan_tan_phu,10.81618575,106.6013313
883,72378,quan_tan_phu,10.815966750000001,106.6012059
884,72397,quan_tan_phu,10.8160308,106.60093499999999
885,72396,quan_tan_phu,10.816488849999999,106.6010425
886,14134,quan_tan_phu,10.81621855,106.60092765
887,14135,quan_tan_phu,10.816277549999999,106.60093865
888,14132,quan_tan_phu,10.81625315,106.6007554
889,14133,quan_tan_phu,10.81631195,106.6007676
890,42772,quan_tan_phu,10.8160805,106.60145125
891,42804,quan_tan_phu,10.81617205,106.6015384
892,51160,quan_1,10.7797848,106.7027453
893,51161,quan_1,10.78112815,106.7039697
894,51162,quan_1,10.7823538,106.7050868
895,30536,quan_1,10.78256875,106.7058263
896,30539,quan_1,10.7823177,106.70617960000001
897,30540,quan_1,10.7823569,106.70613420000001
898,61158,quan_1,10.78240385,106.70624825
899,61159,quan_1,10.78243945,106.70619985
900,30540,quan_1,10.7823569,106.70613420000001
901,30562,quan_1,10.78222825,106.70620405
902,30563,quan_1,10.781931799999999,106.70653715
903,83790,quan_1,10.767075649999999,106.7017374
904,83791,quan_1,10.76723775,106.70184689999999
905,83792,quan_1,10.76743125,106.70201420000001
906,39215,quan_1,10.76761135,106.7021799
907,39216,quan_1,10.76774645,106.70231885
908,39217,quan_1,10.76791275,106.7025208
909,39218,quan_1,10.76813475,106.7028301
910,39219,quan_1,10.768303750000001,106.7030848
911,29212,quan_1,10.7683887,106.70323515000001
912,29213,quan_1,10.7685079,106.7034787
913,29214,quan_1,10.768626000000001,106.7037621
914,29215,quan_1,10.76877165,106.70417115000001
915,29216,quan_1,10.768934049999999,106.70464684999999
916,29217,quan_1,10.769050499999999,106.70502135
917,29218,quan_1,10.76914915,106.70547055
918,29219,quan_1,10.7695674,106.70792555
919,29220,quan_1,10.770185999999999,106.7115188
920,35878,quan_1,10.77060265,106.71386785
921,83990,quan_1,10.77083235,106.71525495
922,39510,quan_tan_binh,10.801916049999999,106.6471751
923,12597,quan_tan_binh,10.801911050000001,106.64750655
924,40464,quan_tan_binh,10.801875249999998,106.64816385
925,42461,quan_tan_binh,10.80181035,106.6477119
926,12598,quan_tan_binh,10.80191645,106.64744675
927,12595,quan_tan_binh,10.8014008,106.64745775
928,40465,quan_tan_binh,10.8020207,106.6464799
929,42453,quan_tan_binh,10.80197875,106.64772425
930,42460,quan_tan_binh,10.80185055,106.64722915
931,42454,quan_tan_binh,10.8020167,106.64724455
932,12596,quan_tan_binh,10.8014066,106.64739795
933,52542,quan_12,10.85525285,106.607245
934,52543,quan_12,10.85528985,106.6071978
935,59426,quan_12,10.8545738,106.60762625
936,59427,quan_12,10.85370365,106.60818635
937,59428,quan_12,10.85341905,106.6083669
938,59429,quan_12,10.852706399999999,106.60881900000001
939,59430,quan_12,10.8518641,106.60935135
940,59431,quan_12,10.8511531,106.609813
941,59432,quan_12,10.850573950000001,106.61019225000001
942,59433,quan_12,10.84997945,106.6105747
943,59434,quan_12,10.849256449999999,106.6110424
944,59435,quan_12,10.848731099999998,106.6113798
945,59436,quan_12,10.84780555,106.61196899999999
946,51304,quan_12,10.8468249,106.61259455
947,51305,quan_12,10.8461301,106.613034
948,51306,quan_12,10.84519425,106.613615
949,51307,quan_12,10.844512300000002,106.61403784999999
950,51315,quan_12,10.8444221,106.61409505
951,51316,quan_12,10.84415185,106.6142769
952,51317,quan_12,10.8437466,106.61455515
953,51318,quan_12,10.84348505,106.61473115
954,51319,quan_12,10.8432699,106.61485135000001
955,51320,quan_12,10.843092299999999,106.6149365
956,51321,quan_12,10.84291815,106.61499765
957,69362,quan_12,10.84287965,106.61517645
958,69361,quan_12,10.84292805,106.61514084999999
959,51141,quan_phu_nhuan,10.7995235,106.67513514999999
960,59152,quan_phu_nhuan,10.799576850000001,106.67491895
961,23659,quan_phu_nhuan,10.799548399999999,106.6747922
962,55274,quan_phu_nhuan,10.799613350000001,106.67495149999999
963,55273,quan_phu_nhuan,10.799593250000001,106.6752322
964,5739,quan_phu_nhuan,10.799691450000001,106.67492835
965,59135,quan_phu_nhuan,10.79964055,106.6746394
966,37054,quan_5,10.755374849999999,106.662395
967,37053,quan_5,10.755273500000001,106.66241945
968,32351,quan_5,10.75544195,106.6624743
969,32352,quan_5,10.75541505,106.66233224999999
970,37055,quan_5,10.7555037,106.6623599
971,62973,quan_5,10.75530455,106.66230189999999
972,32353,quan_5,10.75538945,106.66221345
973,62972,quan_5,10.7554124,106.66228265
974,62971,quan_5,10.755492499999999,106.66226365
975,29241,quan_5,10.75528695,106.6627475
976,29240,quan_5,10.75521385,106.6623745
977,32350,quan_5,10.755524,106.6628961
978,29239,quan_5,10.75516275,106.6621055
979,58196,quan_5,10.755798949999999,106.6622802
980,61456,quan_5,10.75546955,106.66219445
981,36746,quan_5,10.75594145,106.66214070000001
982,32354,quan_5,10.7553071,106.66181275
983,18492,huyen_binh_chanh,10.813563049999999,106.7092596
984,21898,huyen_binh_chanh,10.813126,106.7094544
985,39990,huyen_binh_chanh,10.81298415,106.7098405
986,21897,huyen_binh_chanh,10.8135601,106.70964964999999
987,18493,huyen_binh_chanh,10.813604250000001,106.7093032
988,21899,huyen_binh_chanh,10.8128781,106.70935610000001
989,30902,quan_5,10.7439544,106.668897
990,20228,quan_5,10.74395775,106.66884064999999
0,795,Huyện Bình Chánh,10.81406875,106.57997205
1,796,Huyện Bình Chánh,10.81411695,106.57993625
2,3057,Quận Gò Vấp,10.79956415,106.6801336
3,4624,Huyện Hóc Môn,10.88391815,106.5869422
4,5246,Quận 8,10.7340485,106.6564393
5,5739,Quận Phú Nhuận,10.79969145,106.67492835
6,5922,Quận 11,10.7617339,106.6573797
7,6526,Quận 11,10.7620688,106.65695215
8,6527,Quận 11,10.7620916,106.65700775
9,6528,Quận 11,10.7619811,106.6569858
10,6529,Quận 11,10.7620003,106.6570426
11,8196,Thành phố Thủ Đức,10.79947645,106.7302991
12,8197,Thành phố Thủ Đức,10.7988415,106.72682375
13,8198,Thành phố Thủ Đức,10.79828495,106.7239261
14,8720,Quận Tân Bình,10.7736063,106.62132205
15,8721,Quận Tân Bình,10.7736637,106.62130445
16,8722,Quận Tân Bình,10.77366665,106.6214723
17,8723,Quận Tân Bình,10.77372125,106.6214473
18,8724,Quận Tân Bình,10.77389455,106.62188555
19,8725,Quận Tân Bình,10.77394655,106.62185555
20,8866,Quận Tân Bình,10.7857124,106.6413511
21,8867,Quận Tân Bình,10.7857604,106.6413151
22,8868,Quận Tân Bình,10.7859439,106.64165795
23,8869,Quận Tân Bình,10.7859915,106.64162155
24,9104,Huyện Bình Chánh,10.6916158,106.5739964
25,9105,Huyện Bình Chánh,10.691635,106.5740532
26,9118,Huyện Bình Chánh,10.6863006,106.57588765
27,9119,Huyện Bình Chánh,10.6863232,106.57594325
28,9120,Huyện Bình Chánh,10.6861162,106.57596225
29,9121,Huyện Bình Chánh,10.6861384,106.57601805
30,9122,Huyện Bình Chánh,10.68595235,106.57603395
31,9123,Huyện Bình Chánh,10.68597715,106.57608855
32,11405,Quận Bình Tân,10.82495365,106.6029466
33,11406,Quận Bình Tân,10.825167,106.60175375
34,11569,Quận Gò Vấp,10.83453925,106.6645474
35,11570,Quận Gò Vấp,10.83461605,106.6644036
36,11571,Quận Gò Vấp,10.83465765,106.66432005
37,11589,Quận Gò Vấp,10.83644205,106.6585864
38,11590,Quận Gò Vấp,10.8364991,106.6583486
39,12479,Thành phố Thủ Đức,10.7923343,106.7518501
40,12480,Thành phố Thủ Đức,10.79256595,106.75189515
41,12595,Quận Tân Bình,10.8014008,106.64745775
42,12596,Quận Tân Bình,10.8014066,106.64739795
43,12597,Quận Tân Bình,10.80191105,106.64750655
44,12598,Quận Tân Bình,10.80191645,106.64744675
45,14062,Quận Bình Tân,10.8138179,106.58022815
46,14063,Quận Bình Tân,10.8138765,106.58021515
47,14132,Quận Bình Tân,10.81625315,106.6007554
48,14133,Quận Bình Tân,10.81631195,106.6007676
49,14134,Quận Bình Tân,10.81621855,106.60092765
50,14135,Quận Bình Tân,10.81627755,106.60093865
51,15861,Quận 11,10.75283695,106.6506857
52,15862,Quận 11,10.75284415,106.6506261
53,16083,Huyện Hóc Môn,10.87765495,106.59129335
54,16084,Huyện Hóc Môn,10.87767975,106.59123875
55,16089,Huyện Hóc Môn,10.87777305,106.5914128
56,16646,Quận 12,10.85361315,106.7511842
57,16647,Quận 12,10.85364815,106.7512328
58,16648,Quận 12,10.8534537,106.7513089
59,16649,Quận 12,10.8534955,106.7513519
60,16650,Quận 12,10.85337225,106.75138455
61,16651,Quận 12,10.85341225,106.75142935
62,18201,Thành phố Thủ Đức,10.834904,106.71396375
63,18270,Quận Gò Vấp,10.85000935,106.66460385
64,18271,Quận Gò Vấp,10.85006055,106.66463525
65,18272,Quận Gò Vấp,10.8497383,106.66504845
66,18273,Quận Gò Vấp,10.8497899,106.66507925
67,18274,Quận Gò Vấp,10.849627600000002,106.6652314
68,18275,Quận Gò Vấp,10.8496786,106.6652628
69,18380,Quận Gò Vấp,10.84217355,106.6762011
70,18381,Quận Gò Vấp,10.84222135,106.6762373
71,18382,Quận Gò Vấp,10.842016,106.67643445
72,18383,Quận Gò Vấp,10.8420674,106.67646565
73,18384,Quận Gò Vấp,10.8419342,106.67656935
74,18385,Quận Gò Vấp,10.8419852,106.67660095
75,18386,Quận Gò Vấp,10.84192225,106.6765887
76,18387,Quận Gò Vấp,10.84197345,106.6766201
77,18492,Quận Bình Thạnh,10.81356305,106.7092596
78,18493,Quận Bình Thạnh,10.81360425,106.7093032
79,19574,Quận Bình Tân,10.81302875,106.60767105
80,19575,Quận Bình Tân,10.81308095,106.60770085
81,19576,Quận Bình Tân,10.81290745,106.6078879
82,19577,Quận Bình Tân,10.81264275,106.60826635
83,19595,Quận Bình Tân,10.8076257,106.62100045
84,19596,Quận Bình Tân,10.80742975,106.62188785
85,19626,Quận 12,10.82462,106.603009
86,19627,Quận 12,10.82491025,106.60306945
87,19628,Quận 12,10.82549555,106.6031905
88,19639,Quận 12,10.8342494,106.60702815
89,19640,Quận 12,10.83435985,106.60709245
90,19641,Quận 12,10.83455415,106.60720585
91,20217,Quận 7,10.71694135,106.6526715
92,20218,Quận 7,10.71991735,106.65645025
93,20228,Quận 8,10.74395775,106.66884065
94,20826,Quận Phú Nhuận,10.7932435,106.6801721
95,20827,Quận Phú Nhuận,10.7932111,106.6802225
96,20933,Quận Phú Nhuận,10.79268505,106.68057635
97,20934,Quận Phú Nhuận,10.7931962,106.6797006
98,21519,Quận 3,10.77365225,106.68944405
99,21674,Quận 11,10.7624679,106.65694755
100,21897,Quận Bình Thạnh,10.8135601,106.70964965
101,21898,Quận Bình Thạnh,10.813126,106.7094544
102,21899,Quận Bình Thạnh,10.8128781,106.7093561
103,22032,Quận 7,10.72794915,106.7006179
104,22126,Quận 7,10.7438872,106.742096
105,22127,Quận 7,10.7459396,106.7463253
106,22132,Quận 7,10.74605385,106.74627295
107,22133,Quận 7,10.74401925,106.7420702
108,22242,Quận 7,10.72829125,106.7004827
109,22243,Quận 7,10.72817385,106.70049655
110,22626,Quận 1,10.78635385,106.70146485
111,22627,Quận 1,10.7865706,106.7016726
112,22628,Quận 1,10.78661805,106.70171935
113,22629,Quận 1,10.78691595,106.70199855
114,22725,Quận 7,10.74071395,106.70093355
115,22726,Quận 7,10.7403952,106.70087605
116,22727,Quận 7,10.74012985,106.7008291
117,22948,Quận 7,10.7282395,106.6999283
118,22949,Quận 7,10.72823055,106.70053385
119,22950,Quận 7,10.7282318,106.70057975
120,22951,Quận 7,10.7282439,106.70142235
121,23659,Quận Phú Nhuận,10.7995484,106.6747922
122,23793,Quận Gò Vấp,10.83087855,106.6776209
123,23794,Quận Gò Vấp,10.83091555,106.67752045
124,23795,Quận Gò Vấp,10.8309854,106.6773216
125,23879,Quận Phú Nhuận,10.7929878,106.68000765
126,23880,Quận Phú Nhuận,10.7929558,106.68005845
127,23881,Quận Phú Nhuận,10.79294275,106.6799793
128,23882,Quận Phú Nhuận,10.79291075,106.6800301
129,23933,Quận Phú Nhuận,10.8004864,106.6613171
130,24373,Quận 12,10.7221773,106.6009293
131,24374,Quận 12,10.72243915,106.60099555
132,24375,Quận 12,10.7225621,106.60104685
133,24625,Quận Tân Bình,10.80296285,106.7090322
134,26224,Quận 12,10.722485,106.6008175
135,26225,Quận 12,10.72229425,106.60075895
136,26226,Quận 12,10.722033,106.60066755
137,26792,Quận 4,10.7526284,106.7021485
138,27098,Quận 7,10.74052965,106.70039485
139,27284,Thành phố Thủ Đức,10.826474650000002,106.7143673
140,27285,Thành phố Thủ Đức,10.826834600000002,106.71438315
141,27286,Thành phố Thủ Đức,10.82699085,106.7143824
142,27287,Thành phố Thủ Đức,10.82729545,106.7143659
143,27288,Thành phố Thủ Đức,10.8275947,106.71434355
144,27289,Thành phố Thủ Đức,10.8282451,106.7143051
145,27290,Thành phố Thủ Đức,10.8292749,106.71424645
146,27291,Thành phố Thủ Đức,10.83002995,106.71420695
147,27292,Thành phố Thủ Đức,10.8304291,106.71418895
148,27293,Thành phố Thủ Đức,10.83065295,106.71417885
149,27294,Thành phố Thủ Đức,10.83093085,106.7141663
150,27295,Thành phố Thủ Đức,10.8312987,106.71416095
151,27296,Thành phố Thủ Đức,10.8319306,106.7141395
152,27297,Thành phố Thủ Đức,10.83237185,106.7141155
153,27298,Thành phố Thủ Đức,10.83258955,106.7141011
154,27299,Thành phố Thủ Đức,10.8329966,106.71407875
155,27300,Thành phố Thủ Đức,10.83373655,106.7140479
156,27301,Thành phố Thủ Đức,10.83449575,106.7140027
157,29212,Thành phố Thủ Đức,10.7683887,106.70323515
158,29213,Thành phố Thủ Đức,10.7685079,106.7034787
159,29214,Thành phố Thủ Đức,10.768626,106.7037621
160,29215,Thành phố Thủ Đức,10.76877165,106.70417115
161,29216,Thành phố Thủ Đức,10.76893405,106.70464685
162,29217,Thành phố Thủ Đức,10.7690505,106.70502135
163,29218,Thành phố Thủ Đức,10.76914915,106.70547055
164,29219,Thành phố Thủ Đức,10.7695674,106.70792555
165,29220,Thành phố Thủ Đức,10.770186,106.7115188
166,29239,Quận 6,10.75516275,106.6621055
167,29240,Quận 6,10.75521385,106.6623745
168,29241,Quận 6,10.75528695,106.6627475
169,29692,Quận Phú Nhuận,10.79315595,106.67956335
170,29693,Quận Phú Nhuận,10.79262715,106.68045255
171,29729,Thành phố Thủ Đức,10.84903145,106.77425475
172,29730,Thành phố Thủ Đức,10.8491261,106.7741562
173,29731,Thành phố Thủ Đức,10.84923755,106.77403745
174,29732,Thành phố Thủ Đức,10.8493412,106.77391575
175,29861,Thành phố Thủ Đức,10.84461985,106.7810749
176,29862,Thành phố Thủ Đức,10.84466925,106.7811091
177,29863,Thành phố Thủ Đức,10.84445215,106.78132485
178,29864,Thành phố Thủ Đức,10.84450295,106.78135665
179,29865,Thành phố Thủ Đức,10.84435345,106.7815357
180,29866,Thành phố Thủ Đức,10.84440965,106.7815565
181,29893,Thành phố Thủ Đức,10.8490043,106.7740471
182,29894,Thành phố Thủ Đức,10.848913199999998,106.7741485
183,29908,Thành phố Thủ Đức,10.84923755,106.77378515
184,29909,Thành phố Thủ Đức,10.84911195,106.77392535
185,30014,Thành phố Thủ Đức,10.80984595,106.7561672
186,30034,Thành phố Thủ Đức,10.7990282,106.7274033
187,30271,Quận Bình Thạnh,10.80324315,106.7093937
188,30272,Quận Bình Thạnh,10.80298245,106.70937895
189,30536,Quận 1,10.78256875,106.7058263
190,30539,Quận 1,10.7823177,106.7061796
191,30540,Quận 1,10.7823569,106.7061342
192,30542,Quận 1,10.78074755,106.70791775
193,30543,Quận 1,10.7809892,106.70769155
194,30544,Quận 1,10.78134405,106.70731335
195,30545,Quận 1,10.78154805,106.70709595
196,30546,Quận 1,10.7816835,106.70695165
197,30547,Quận 1,10.78207865,106.70652105
198,30562,Quận 1,10.78222825,106.70620405
199,30563,Quận 1,10.7819318,106.70653715
200,30902,Quận 8,10.7439544,106.668897
201,30917,Quận Tân Phú,10.81276585,106.6078806
202,30918,Quận Tân Phú,10.81274685,106.6079376
203,31126,Quận Tân Bình,10.8138884,106.6327436
204,31127,Quận Tân Bình,10.8146499,106.6325416
205,31128,Quận Tân Bình,10.8161413,106.63209595
206,31129,Quận Tân Bình,10.81796385,106.63152435
207,31130,Quận Tân Bình,10.81952755,106.6310466
208,31131,Quận Tân Bình,10.8203159,106.63081
209,31132,Quận Tân Bình,10.8205056,106.63075185
210,31151,Quận Tân Bình,10.8040879,106.63567045
211,31152,Quận Tân Bình,10.8007427,106.6609558
212,31153,Quận Tân Bình,10.80748865,106.63480295
213,31154,Quận Tân Bình,10.8072585,106.6349309
214,31155,Quận Tân Bình,10.80699535,106.63518475
215,31165,Quận Tân Bình,10.80784445,106.6344289
216,31166,Quận Tân Bình,10.807589,106.63450045
217,31167,Quận Tân Bình,10.80714805,106.6346558
218,31179,Quận Tân Bình,10.8071322,106.63522635
219,31180,Quận Tân Bình,10.80725665,106.6351099
220,31181,Quận Tân Bình,10.8074468,106.6349331
221,31200,Quận Tân Bình,10.80105175,106.6575705
222,31201,Quận Tân Bình,10.80105415,106.6575105
223,31282,Quận Tân Bình,10.82040345,106.63050635
224,31283,Quận Tân Bình,10.8202214,106.63056415
225,31284,Quận Tân Bình,10.8199296,106.6306568
226,31285,Quận Tân Bình,10.8192539,106.63086895
227,31286,Quận Tân Bình,10.81798035,106.63126615
228,31287,Quận Tân Bình,10.8172112,106.6315056
229,31288,Quận Tân Bình,10.81706945,106.6315513
230,31289,Quận Tân Bình,10.8160662,106.63186235
231,31290,Quận Tân Bình,10.81502735,106.6321813
232,31291,Quận Tân Bình,10.8142445,106.63241725
233,31310,Quận Tân Bình,10.80778595,106.6345355
234,31311,Quận Tân Bình,10.80756095,106.63467925
235,31312,Quận Tân Bình,10.8074143,106.63478485
236,31447,Quận Tân Bình,10.8136644,106.6327774
237,31451,Quận Tân Bình,10.81361875,106.63265245
238,31602,Quận 7,10.72758835,106.70028325
239,31833,Quận 8,10.73409435,106.65581195
240,31834,Quận 8,10.73403435,106.65581195
241,32350,Quận 6,10.755524,106.6628961
242,32351,Quận 6,10.75544195,106.6624743
243,32352,Quận 6,10.75541505,106.66233225
244,32353,Quận 6,10.75538945,106.66221345
245,32354,Quận 6,10.7553071,106.66181275
246,32512,Quận 12,10.8562518,106.63868005
247,32550,Quận 7,10.71845825,106.6548623
248,32551,Quận 7,10.7192077,106.65581835
249,32552,Quận 7,10.7197839,106.6565401
250,32633,Quận 7,10.72811695,106.70035835
251,32634,Quận 7,10.72812115,106.70054965
252,32635,Quận 7,10.7281256,106.70074155
253,32700,Quận 7,10.72834605,106.6999096
254,32787,Quận 12,10.85670715,106.63951595
255,32790,Quận 12,10.86171275,106.6638979
256,32791,Quận 12,10.86168805,106.663212
257,32792,Quận 12,10.86166315,106.6627131
258,32793,Quận 12,10.8616534,106.6623737
259,32794,Quận 12,10.86165095,106.6621678
260,32795,Quận 12,10.8616499,106.66182135
261,32796,Quận 12,10.8616547,106.66125395
262,32797,Quận 12,10.86167245,106.6607795
263,32798,Quận 12,10.8617082,106.66007135
264,32799,Quận 12,10.86174715,106.65912865
265,32800,Quận 12,10.8617854,106.6581928
266,32801,Quận 12,10.86182335,106.6574605
267,32802,Quận 12,10.861839,106.6571749
268,32803,Quận 12,10.8618432,106.65709335
269,32804,Quận 12,10.8618516,106.6569256
270,32805,Quận 12,10.8618634,106.6566864
271,32806,Quận 12,10.8618951,106.6559183
272,32807,Quận 12,10.86193165,106.65521495
273,32808,Quận 12,10.8619529,106.65507135
274,32809,Quận 12,10.861967750000002,106.65494405
275,33185,Quận Tân Bình,10.80094015,106.65751095
276,33186,Quận Tân Bình,10.80094295,106.65757095
277,33187,Quận Tân Bình,10.8008655,106.65751455
278,33188,Quận Tân Bình,10.8008685,106.65757455
279,33189,Quận Tân Bình,10.8005434,106.65759765
280,33190,Quận Tân Bình,10.8005592,106.65765545
281,33223,Quận Tân Bình,10.80061165,106.66110445
282,33224,Quận Tân Bình,10.80062445,106.6610685
283,33225,Quận Tân Bình,10.80062915,106.66102635
284,33226,Quận Tân Bình,10.8006255,106.66098345
285,33227,Quận Tân Bình,10.8006034,106.66093015
286,33228,Quận Tân Bình,10.80056745,106.66087785
287,33229,Quận Tân Bình,10.80051885,106.66083505
288,33230,Quận Tân Bình,10.800452,106.6608035
289,33231,Quận Tân Bình,10.80040145,106.66079365
290,33232,Quận Tân Bình,10.80037355,106.66079245
291,33233,Quận Tân Bình,10.80034535,106.6607987
292,33234,Quận Tân Bình,10.80030755,106.66081965
293,33235,Quận Tân Bình,10.80027215,106.66085705
294,33236,Quận Tân Bình,10.8002509,106.6609066
295,33237,Quận Tân Bình,10.80025085,106.6609606
296,33238,Quận Tân Bình,10.8002778,106.6610222
297,33239,Quận Tân Bình,10.8003198,106.6610847
298,33240,Quận Tân Bình,10.80037045,106.6611287
299,33241,Quận Tân Bình,10.8004472,106.6611535
300,33242,Quận Tân Bình,10.8005256,106.66116015
301,33243,Quận Tân Bình,10.80056765,106.6611526
302,33244,Quận Tân Bình,10.80059225,106.66113375
303,33247,Quận Phú Nhuận,10.80010815,106.66071705
304,33248,Quận Phú Nhuận,10.80014815,106.66067225
305,33264,Quận Tân Phú,10.80383805,106.63598935
306,33265,Quận Tân Phú,10.80389765,106.63598295
307,33326,Huyện Bình Chánh,10.68636895,106.57687205
308,33327,Huyện Bình Chánh,10.6856343,106.57305075
309,33412,Quận Bình Tân,10.82484025,106.6030029
310,33413,Quận Bình Tân,10.824852750000002,106.6030942
311,33414,Quận Bình Tân,10.82484645,106.6031764
312,33415,Quận Bình Tân,10.8245015,106.6037658
313,33459,Huyện Bình Chánh,10.6841513,106.5662982
314,33460,Huyện Bình Chánh,10.68448735,106.56766
315,33577,Huyện Bình Chánh,10.6844547,106.56719555
316,33578,Huyện Bình Chánh,10.68461305,106.56715835
317,33579,Huyện Bình Chánh,10.68540305,106.56729395
318,33584,Huyện Bình Chánh,10.6857119,106.5672472
319,33585,Huyện Bình Chánh,10.684585299999998,106.56703675
320,33586,Huyện Bình Chánh,10.68444355,106.5671343
321,33591,Huyện Bình Chánh,10.6859984,106.5755884
322,33592,Huyện Bình Chánh,10.686353,106.5773891
323,33599,Huyện Bình Chánh,10.6846869,106.5679845
324,33600,Huyện Bình Chánh,10.68451795,106.56711585
325,33601,Huyện Bình Chánh,10.68427235,106.5660991
326,33638,Thành phố Thủ Đức,10.84938575,106.7742217
327,33639,Thành phố Thủ Đức,10.8488674,106.77376
328,33674,Thành phố Thủ Đức,10.84941945,106.7740765
329,33675,Thành phố Thủ Đức,10.8492438,106.7739078
330,34152,Quận 12,10.8617724,106.67056705
331,34241,Quận 12,10.8617648,106.67001865
332,34302,Quận 12,10.86173215,106.66479775
333,34303,Quận 12,10.86175385,106.6691926
334,34304,Quận 12,10.8617471,106.6678419
335,34305,Quận 12,10.8617469,106.6669636
336,34306,Quận 12,10.86174535,106.66666815
337,34307,Quận 12,10.8617443,106.66647295
338,34308,Quận 12,10.8617441,106.66587215
339,34357,Quận Bình Tân,10.72232535,106.60057075
340,34358,Quận Bình Tân,10.72231275,106.60081265
341,34359,Quận Bình Tân,10.722335050000002,106.60091215
342,34453,Quận Bình Tân,10.81617765,106.6011075
343,34454,Quận Bình Tân,10.81623605,106.6011215
344,34499,Quận 7,10.7382352,106.71856475
345,34500,Quận 7,10.73824465,106.71839735
346,34659,Quận 12,10.86201225,106.64988595
347,34660,Quận 12,10.86204205,106.6501182
348,34661,Quận 12,10.862059,106.65032765
349,34662,Quận 12,10.862063,106.65052585
350,34663,Quận 12,10.86206095,106.65072685
351,34664,Quận 12,10.8620506,106.6509923
352,34665,Quận 12,10.86202005,106.65150365
353,34705,Quận 12,10.86208455,106.65184465
354,34706,Quận 12,10.86212555,106.6509041
355,34707,Quận 12,10.8621302,106.6504627
356,34708,Quận 12,10.8621132,106.650143
357,34709,Quận 12,10.8620848,106.6498856
358,34809,Quận 1,10.7686602,106.6949623
359,34810,Quận 1,10.76806245,106.6953275
360,34811,Quận 1,10.76800265,106.69536405
361,34812,Quận 1,10.7679388,106.69540305
362,34813,Quận 1,10.767846,106.69545975
363,34817,Quận 1,10.76767995,106.6956911
364,34818,Quận 1,10.76802685,106.69548015
365,34819,Quận 1,10.7680909,106.69544115
366,34820,Quận 1,10.76815075,106.6954047
367,34914,Quận 7,10.73936725,106.70078465
368,34915,Quận 7,10.74037835,106.7009692
369,34916,Quận 7,10.7408987,106.70106155
370,34937,Quận 7,10.74026375,106.7019243
371,34938,Quận 7,10.74041465,106.70107755
372,34939,Quận 7,10.74043845,106.70093315
373,34940,Quận 7,10.7403351,106.7009121
374,34941,Quận 7,10.74017495,106.7018048
375,35226,Quận Tân Phú,10.8075321,106.62169565
376,35227,Quận Tân Phú,10.8075155,106.62175325
377,35228,Quận Tân Phú,10.80743525,106.62167395
378,35229,Quận Tân Phú,10.80742705,106.62173335
379,35404,Quận Gò Vấp,10.83657885,106.6577162
380,35405,Quận Gò Vấp,10.8365153,106.65795095
381,35406,Quận Gò Vấp,10.8364823,106.6580954
382,35407,Quận Gò Vấp,10.8364428,106.65826705
383,35408,Quận Gò Vấp,10.8364227,106.65834375
384,35409,Quận Gò Vấp,10.83638965,106.65846785
385,35410,Quận Gò Vấp,10.8362967,106.6588176
386,35426,Quận Gò Vấp,10.83468875,106.66411285
387,35427,Quận Gò Vấp,10.83456965,106.66437305
388,35428,Quận Gò Vấp,10.8345629,106.6643871
389,35429,Quận Gò Vấp,10.834473,106.6645399
390,35761,Thành phố Thủ Đức,10.8491057,106.774055
391,35762,Thành phố Thủ Đức,10.84933905,106.77427495
392,35764,Thành phố Thủ Đức,10.8490268,106.77372355
393,35783,Thành phố Thủ Đức,10.79242925,106.75185285
394,35878,Thành phố Thủ Đức,10.77060265,106.71386785
395,35896,Thành phố Thủ Đức,10.792306,106.7519754
396,35897,Thành phố Thủ Đức,10.792428,106.75200305
397,35898,Thành phố Thủ Đức,10.79279595,106.7520732
398,36246,Quận Tân Bình,10.80015345,106.6609257
399,36293,Quận 1,10.75932035,106.68412095
400,36294,Quận 1,10.76026775,106.6837667
401,36296,Quận Tân Bình,10.8014844,106.6372742
402,36330,Quận Tân Bình,10.80184725,106.63665905
403,36419,Quận Phú Nhuận,10.7928586,106.6799286
404,36420,Quận Phú Nhuận,10.792828,106.6799802
405,36509,Quận Tân Bình,10.8071906,106.63485635
406,36519,Quận 7,10.7513049,106.7023302
407,36520,Quận 7,10.7535157,106.70213035
408,36535,Quận 7,10.7403751,106.70069155
409,36727,Quận Tân Bình,10.763967,106.65989545
410,36728,Quận Tân Bình,10.7638198,106.6599366
411,36729,Quận Tân Bình,10.76334765,106.6600687
412,36746,Quận Tân Bình,10.75594145,106.6621407
413,36747,Quận 3,10.77337085,106.689811
414,36755,Quận 3,10.7733291,106.6900356
415,36756,Quận 3,10.77353235,106.6896648
416,36917,Quận 7,10.75445175,106.72781375
417,37053,Quận Tân Bình,10.7552735,106.66241945
418,37054,Quận Tân Bình,10.75537485,106.662395
419,37055,Quận Tân Bình,10.7555037,106.6623599
420,37191,Quận 7,10.7382163,106.7182798
421,37192,Quận 7,10.7382103,106.7183394
422,37193,Quận 7,10.73798615,106.71826495
423,37194,Quận 7,10.73798275,106.71832495
424,37783,Thành phố Thủ Đức,10.84891655,106.77388555
425,38531,Quận Tân Bình,10.8030023,106.709763
426,39068,Quận 1,10.7737708,106.6896261
427,39069,Quận 1,10.7736467,106.6893769
428,39100,Quận 1,10.76737795,106.69485695
429,39101,Quận 1,10.7680194,106.6954193
430,39102,Quận 1,10.769126750000002,106.69639005
431,39116,Quận 12,10.8346016,106.60706905
432,39215,Quận 1,10.76761135,106.7021799
433,39216,Quận 1,10.76774645,106.70231885
434,39217,Quận 1,10.76791275,106.7025208
435,39218,Quận 1,10.76813475,106.7028301
436,39219,Quận 1,10.76830375,106.7030848
437,39264,Quận 3,10.7738732,106.68889585
438,39265,Quận 1,10.77350445,106.68924285
439,39266,Quận 1,10.77321375,106.68897305
440,39276,Quận 3,10.7738767,106.6890272
441,39358,Quận Bình Tân,10.82498215,106.60196015
442,39359,Quận Bình Tân,10.8248176,106.60291575
443,39432,Quận 1,10.78650705,106.7016809
444,39433,Quận 1,10.7863137,106.7018506
445,39487,Quận 1,10.78694615,106.7018975
446,39488,Quận 1,10.786679,106.7016493
447,39489,Quận 1,10.7866307,106.70160445
448,39494,Quận 1,10.7868433,106.7013577
449,39510,Quận Tân Bình,10.80191605,106.6471751
450,39573,Quận Tân Bình,10.80182855,106.636798
451,39574,Quận Tân Bình,10.8021186,106.6365823
452,39577,Quận Tân Bình,10.80349385,106.6359336
453,39651,Quận 1,10.77606065,106.70677005
454,39653,Quận 1,10.7763811,106.70683785
455,39655,Quận 1,10.77683165,106.7069371
456,39657,Quận 1,10.77711985,106.70700605
457,39659,Quận 1,10.7772465,106.707036
458,39661,Quận 1,10.77734365,106.70705175
459,39663,Quận 1,10.77742845,106.7070682
460,39665,Quận 1,10.7774779,106.70708045
461,39667,Quận 1,10.77784425,106.70717785
462,39669,Quận 1,10.77819825,106.70727205
463,39671,Quận 1,10.7785194,106.70736015
464,39673,Quận 1,10.77883895,106.70744785
465,39675,Quận 1,10.77909215,106.70753155
466,39677,Quận 1,10.77936795,106.7076232
467,39679,Quận 1,10.77969095,106.7077044
468,39681,Quận 1,10.7800463,106.707795
469,39683,Quận 1,10.7803316,106.7078726
470,39685,Quận 1,10.78057285,106.70793695
471,39687,Quận 1,10.78064455,106.70795765
472,39990,Quận Bình Thạnh,10.81298415,106.7098405
473,40464,Quận Tân Bình,10.801875249999998,106.64816385
474,40465,Quận Tân Bình,10.8020207,106.6464799
475,40501,Quận 11,10.7630961,106.6563867
476,40756,Quận Tân Bình,10.80055395,106.66078695
477,41285,Quận Tân Phú,10.80387715,106.63578105
478,41286,Quận Tân Phú,10.80381735,106.63578585
479,41330,Quận Tân Bình,10.8040324,106.63576695
480,41413,Quận Tân Bình,10.8018518,106.6366884
481,41414,Quận Tân Bình,10.801811,106.6367324
482,41415,Quận Tân Bình,10.80170735,106.6366657
483,41416,Quận Tân Bình,10.80171615,106.6367251
484,41421,Quận Tân Bình,10.80086205,106.636858
485,41422,Quận Tân Bình,10.80087585,106.6369164
486,41423,Quận Tân Bình,10.8006239,106.6369119
487,41424,Quận Tân Bình,10.8006367,106.6369705
488,41425,Quận Tân Bình,10.8003639,106.6369762
489,41426,Quận Tân Bình,10.8003797,106.637034
490,41427,Quận Tân Bình,10.79996825,106.6370852
491,41428,Quận Tân Bình,10.79998425,106.637143
492,41489,Quận Tân Bình,10.786144449999998,106.6415019
493,41490,Quận Tân Bình,10.78616605,106.6415579
494,41491,Quận Tân Bình,10.78551435,106.6417432
495,41492,Quận Tân Bình,10.78553575,106.6417992
496,41830,Quận 8,10.7336892,106.65618495
497,41831,Quận 8,10.7336918,106.65612495
498,41832,Quận 8,10.73395765,106.65619445
499,41833,Quận 8,10.73395885,106.65613445
500,41834,Quận 8,10.7340899,106.65619685
501,41835,Quận 8,10.7340909,106.65613685
502,41836,Quận 8,10.7343744,106.65620145
503,41837,Quận 8,10.7343754,106.65614145
504,42324,Quận Tân Bình,10.8071773,106.63509785
505,42426,Quận Tân Bình,10.80101255,106.657297
506,42427,Quận Tân Bình,10.80098835,106.65770735
507,42435,Quận Tân Bình,10.8010986,106.65769315
508,42436,Quận Tân Bình,10.80112965,106.65732565
509,42453,Quận Tân Bình,10.80197875,106.64772425
510,42454,Quận Tân Bình,10.8020167,106.64724455
511,42460,Quận Tân Bình,10.80185055,106.64722915
512,42461,Quận Tân Bình,10.80181035,106.6477119
513,42742,Quận Bình Tân,10.80748555,106.62216405
514,42743,Quận Bình Tân,10.8075751,106.6217515
515,42744,Quận Bình Tân,10.80765065,106.62141395
516,42771,Quận Bình Tân,10.8161339,106.6013192
517,42772,Quận Bình Tân,10.8160805,106.60145125
518,42804,Quận Bình Tân,10.81617205,106.6015384
519,42805,Quận Bình Tân,10.81618575,106.6013313
520,42821,Quận Bình Tân,10.81274815,106.60830585
521,42822,Quận Bình Tân,10.81295375,106.60792205
522,42881,Quận Bình Tân,10.77356015,106.6215408
523,42882,Quận Bình Tân,10.77356895,106.6216002
524,42883,Quận Bình Tân,10.7734449,106.6215551
525,42884,Quận Bình Tân,10.7734519,106.6216147
526,42953,Quận Bình Tân,10.7735729,106.6217227
527,42954,Quận Bình Tân,10.7735153,106.6217061
528,42955,Quận Bình Tân,10.7736478,106.6214773
529,42956,Quận Bình Tân,10.7735908,106.6214585
530,42957,Quận Bình Tân,10.77376585,106.62113155
531,42958,Quận Bình Tân,10.77370925,106.62111195
532,43440,Quận 7,10.72835385,106.70052055
533,43441,Quận 7,10.72838615,106.70192975
534,44481,Quận Tân Phú,10.8153493,106.62462675
535,44482,Quận Tân Phú,10.815558,106.6248483
536,44515,Quận Tân Phú,10.8155195,106.624704
537,44516,Quận Tân Phú,10.8153923,106.62457845
538,45468,Quận 1,10.773133,106.6890195
539,45469,Quận 1,10.7736025,106.68945945
540,45824,Quận 5,10.7596715,106.6844269
541,45825,Quận 5,10.7596149,106.6844467
542,45826,Quận 5,10.75954865,106.6840854
543,45827,Quận 5,10.75949345,106.6841088
544,45828,Quận 5,10.75951175,106.68399295
545,45829,Quận 5,10.75945555,106.68401395
546,45957,Huyện Bình Chánh,10.7248674,106.57606985
547,45960,Huyện Bình Chánh,10.72595625,106.57641875
548,45961,Huyện Bình Chánh,10.72594305,106.57647735
549,45962,Huyện Bình Chánh,10.72363445,106.57588745
550,45963,Huyện Bình Chánh,10.7259773,106.5763354
551,47571,Quận 1,10.77530045,106.7066955
552,47572,Quận 1,10.7755986,106.7067076
553,47580,Quận Bình Thạnh,10.7982,106.7244132
554,47581,Quận Bình Thạnh,10.79852235,106.72603445
555,47582,Quận Bình Thạnh,10.79875645,106.72721225
556,47583,Quận Bình Thạnh,10.79881095,106.72753105
557,47584,Quận Bình Thạnh,10.7990256,106.72877305
558,47593,Quận Bình Thạnh,10.79810055,106.72446055
559,47594,Quận Bình Thạnh,10.79846255,106.72628805
560,47595,Quận Bình Thạnh,10.798789,106.72801285
561,47638,Quận Gò Vấp,10.84248585,106.67677425
562,47639,Quận Gò Vấp,10.84204985,106.6766106
563,47640,Quận Gò Vấp,10.84178485,106.6765052
564,47910,Quận Gò Vấp,10.82140645,106.6937099
565,47911,Quận Gò Vấp,10.82157735,106.6936422
566,47912,Quận Gò Vấp,10.8217826,106.6935969
567,48865,Quận 7,10.72817745,106.7005888
568,48866,Quận 7,10.72829275,106.70057355
569,48867,Quận 7,10.72857925,106.7005384
570,49611,Thành phố Thủ Đức,10.7925802,106.7522427
571,49612,Thành phố Thủ Đức,10.7925244,106.7522649
572,49613,Thành phố Thủ Đức,10.79252275,106.75208115
573,49614,Thành phố Thủ Đức,10.79246535,106.75209875
574,49669,Quận 1,10.7686733,106.69590455
575,49670,Quận 1,10.76807415,106.6953859
576,49671,Quận 1,10.76757455,106.6949512
577,49701,Quận 12,10.8666319,106.79136195
578,49702,Quận 12,10.8665382,106.79158565
579,49917,Quận 1,10.77572975,106.7067104
580,49918,Quận 1,10.77588675,106.7067225
581,49974,Quận 1,10.77396865,106.6898202
582,51125,Quận 1,10.782592,106.6984361
583,51126,Quận 1,10.7825466,106.6983969
584,51127,Quận 1,10.7828959,106.69808395
585,51128,Quận 1,10.7828511,106.69804415
586,51129,Quận 1,10.7832394,106.69769505
587,51130,Quận 1,10.7831944,106.69765525
588,51141,Quận Phú Nhuận,10.7995235,106.67513515
589,51152,Quận Phú Nhuận,10.79912275,106.67996485
590,51153,Quận Phú Nhuận,10.7991545,106.6801774
591,51160,Quận 1,10.7797848,106.7027453
592,51161,Quận 1,10.78112815,106.7039697
593,51162,Quận 1,10.7823538,106.7050868
594,51200,Quận Tân Bình,10.8006967,106.6613426
595,51246,Huyện Hóc Môn,10.87781855,106.5914151
596,51247,Huyện Hóc Môn,10.87801275,106.5912775
597,51248,Huyện Hóc Môn,10.87878645,106.590737
598,51249,Huyện Hóc Môn,10.87990955,106.5899458
599,51250,Huyện Hóc Môn,10.8805155,106.5895134
600,51251,Huyện Hóc Môn,10.8808716,106.58926805
601,51252,Huyện Hóc Môn,10.88124665,106.58901015
602,51253,Huyện Hóc Môn,10.88147905,106.58884285
603,51254,Huyện Hóc Môn,10.88244855,106.588151
604,51255,Huyện Hóc Môn,10.8836344,106.58732075
605,51304,Huyện Hóc Môn,10.8468249,106.61259455
606,51305,Huyện Hóc Môn,10.8461301,106.613034
607,51306,Huyện Hóc Môn,10.84519425,106.613615
608,51307,Huyện Hóc Môn,10.844512300000002,106.61403785
609,51315,Huyện Hóc Môn,10.8444221,106.61409505
610,51316,Huyện Hóc Môn,10.84415185,106.6142769
611,51317,Huyện Hóc Môn,10.8437466,106.61455515
612,51318,Huyện Hóc Môn,10.84348505,106.61473115
613,51319,Huyện Hóc Môn,10.8432699,106.61485135
614,51320,Huyện Hóc Môn,10.8430923,106.6149365
615,51321,Huyện Hóc Môn,10.84291815,106.61499765
616,51461,Quận Gò Vấp,10.8536431,106.7513624
617,51462,Quận Gò Vấp,10.85322755,106.75111545
618,51493,Quận Tân Bình,10.80291865,106.70956405
619,51644,Quận Bình Thạnh,10.80266515,106.70936045
620,51951,Thành phố Thủ Đức,10.80970595,106.75610405
621,51952,Thành phố Thủ Đức,10.809430849999998,106.7559964
622,51953,Thành phố Thủ Đức,10.80905215,106.75584545
623,51954,Thành phố Thủ Đức,10.8086528,106.75566145
624,51955,Thành phố Thủ Đức,10.80812685,106.7553891
625,51956,Thành phố Thủ Đức,10.80774345,106.75517275
626,52032,Quận 6,10.75330405,106.650817
627,52049,Quận 12,10.8665833,106.7917363
628,52050,Quận 12,10.86668445,106.791497
629,52051,Quận 12,10.86680585,106.7911632
630,52072,Quận 1,10.75976735,106.68383325
631,52073,Quận 1,10.75870345,106.6842463
632,52189,Thành phố Thủ Đức,10.8489213,106.7740396
633,52190,Thành phố Thủ Đức,10.8489485,106.7740806
634,52191,Thành phố Thủ Đức,10.8490247,106.7741483
635,52192,Thành phố Thủ Đức,10.8492121,106.77433305
636,52242,Quận 1,10.786357,106.70133675
637,52542,Huyện Hóc Môn,10.85525285,106.607245
638,52543,Huyện Hóc Môn,10.85528985,106.6071978
639,52618,Huyện Hóc Môn,10.8671443,106.61540655
640,52619,Huyện Hóc Môn,10.8671813,106.61535935
641,54254,Quận 12,10.8564736,106.6393105
642,54255,Quận 12,10.8565157,106.63940045
643,54256,Quận 12,10.8565996,106.63953505
644,54525,Huyện Bình Chánh,10.6843149,106.5671964
645,54526,Huyện Bình Chánh,10.6843265,106.5672552
646,55242,Quận Tân Bình,10.8030461,106.70919425
647,55261,Quận Phú Nhuận,10.79925945,106.6801854
648,55262,Quận Phú Nhuận,10.79922635,106.68007435
649,55263,Quận Phú Nhuận,10.79921485,106.67995285
650,55264,Quận Phú Nhuận,10.79922655,106.67969645
651,55273,Quận Phú Nhuận,10.79959325,106.6752322
652,55274,Quận Phú Nhuận,10.79961335,106.6749515
653,55275,Quận Phú Nhuận,10.79920915,106.6803338
654,55276,Quận Phú Nhuận,10.7992708,106.6804571
655,55277,Quận Phú Nhuận,10.7995311,106.68073445
656,55928,Quận Gò Vấp,10.85320005,106.7512353
657,55929,Quận Gò Vấp,10.85358505,106.7514502
658,56695,Quận 7,10.7285792,106.70044785
659,56877,Quận Phú Nhuận,10.798833299999998,106.68046965
660,56878,Quận Phú Nhuận,10.7988079,106.68041525
661,56979,Thành phố Thủ Đức,10.8488993,106.77406955
662,57357,Quận 12,10.85672095,106.6393779
663,57397,Quận 12,10.85642765,106.6393372
664,57398,Quận 12,10.85654795,106.6395583
665,57891,Huyện Hóc Môn,10.8675588,106.61569485
666,57892,Huyện Hóc Môn,10.8675164,106.61573725
667,58181,Quận Tân Bình,10.8034803,106.6358575
668,58196,Quận Tân Bình,10.75579895,106.6622802
669,58216,Quận Tân Bình,10.76367865,106.66007205
670,58217,Quận Tân Bình,10.76386595,106.6600196
671,58218,Quận Tân Bình,10.76398815,106.6599854
672,58335,Quận Tân Bình,10.78611575,106.6420719
673,58336,Quận Tân Bình,10.78617155,106.6420501
674,58719,Quận Gò Vấp,10.8496039,106.66494635
675,58720,Quận Gò Vấp,10.8496181,106.66488795
676,58721,Quận Gò Vấp,10.84993575,106.66501685
677,58722,Quận Gò Vấp,10.84994535,106.66495765
678,58723,Quận Gò Vấp,10.85015145,106.6650504
679,58724,Quận Gò Vấp,10.85016025,106.664991
680,58804,Quận 1,10.78275175,106.6979477
681,58805,Quận 1,10.7832808,106.6984437
682,59135,Quận Phú Nhuận,10.79964055,106.6746394
683,59152,Quận Phú Nhuận,10.79957685,106.67491895
684,59153,Quận 11,10.7539528,106.65083575
685,59154,Quận 11,10.7539598,106.65077615
686,59188,Quận 6,10.7534849,106.65111185
687,59329,Quận Phú Nhuận,10.79922255,106.68028945
688,59330,Quận Phú Nhuận,10.79919995,106.68023385
689,59331,Quận Phú Nhuận,10.79916445,106.68031475
690,59332,Quận Phú Nhuận,10.79913945,106.68026015
691,59365,Quận 12,10.83442765,106.60697015
692,59366,Quận 12,10.8342328,106.6068531
693,59426,Huyện Hóc Môn,10.8545738,106.60762625
694,59427,Huyện Hóc Môn,10.85370365,106.60818635
695,59428,Huyện Hóc Môn,10.85341905,106.6083669
696,59429,Huyện Hóc Môn,10.8527064,106.608819
697,59430,Huyện Hóc Môn,10.8518641,106.60935135
698,59431,Huyện Hóc Môn,10.8511531,106.609813
699,59432,Huyện Hóc Môn,10.85057395,106.61019225
700,59433,Huyện Hóc Môn,10.84997945,106.6105747
701,59434,Huyện Hóc Môn,10.84925645,106.6110424
702,59435,Huyện Hóc Môn,10.848731099999998,106.6113798
703,59436,Huyện Hóc Môn,10.84780555,106.611969
704,60134,Quận 1,10.76760805,106.69517115
705,60135,Quận 1,10.76794625,106.6954639
706,60136,Quận 1,10.7682363,106.69571725
707,60305,Quận 5,10.75932855,106.6836504
708,60306,Quận 5,10.75938555,106.6836314
709,60307,Quận 5,10.75942215,106.6839254
710,60308,Quận 5,10.75947835,106.6839042
711,60429,Quận Tân Phú,10.774052,106.6215023
712,60430,Quận Tân Phú,10.7740556,106.6215621
713,60431,Quận Tân Phú,10.77365805,106.6215293
714,60432,Quận Tân Phú,10.77366445,106.6215889
715,60538,Quận Gò Vấp,10.8309244,106.6773346
716,60539,Quận Gò Vấp,10.8308387,106.6775702
717,60666,Quận Gò Vấp,10.8417652,106.6765433
718,60667,Quận Gò Vấp,10.84271305,106.6769151
719,60703,Quận Gò Vấp,10.8310591,106.67738605
720,60704,Quận Gò Vấp,10.83089375,106.6774991
721,60705,Quận Gò Vấp,10.83077275,106.6775831
722,60712,Quận Gò Vấp,10.83471155,106.66446555
723,60718,Quận Gò Vấp,10.82178705,106.69353615
724,60719,Quận Gò Vấp,10.82156835,106.69357525
725,60720,Quận Gò Vấp,10.8212226,106.69371895
726,61158,Quận 1,10.78240385,106.70624825
727,61159,Quận 1,10.78243945,106.70619985
728,61456,Quận 11,10.75546955,106.66219445
729,61609,Quận 10,10.76226685,106.65699265
730,61610,Quận 10,10.762197100000002,106.6568622
731,61690,Quận 6,10.75349195,106.65061265
732,62056,Quận 6,10.7497352,106.6422215
733,62057,Quận 6,10.749795,106.6422165
734,62058,Quận 6,10.74974745,106.64242715
735,62059,Quận 6,10.74980745,106.64242515
736,62060,Quận 6,10.7497479,106.6426786
737,62061,Quận 6,10.7498079,106.6426796
738,62252,Quận 1,10.76813905,106.6953463
739,62253,Quận 1,10.7680525,106.69527025
740,62624,Quận 3,10.77359695,106.6893923
741,62686,Quận 5,10.75344405,106.65071105
742,62687,Quận 5,10.75342985,106.65076925
743,62688,Quận 5,10.75335555,106.6506915
744,62689,Quận 5,10.75334375,106.6507503
745,62971,Quận Tân Bình,10.7554925,106.66226365
746,62972,Quận Tân Bình,10.7554124,106.66228265
747,62973,Quận Tân Bình,10.75530455,106.6623019
748,63338,Quận 10,10.76381825,106.6598376
749,63344,Quận 10,10.76241685,106.6572676
750,63345,Quận 10,10.76229105,106.6570372
751,63346,Quận 10,10.76379745,106.6599908
752,63347,Quận 10,10.7638997,106.66018145
753,63374,Quận 10,10.76396085,106.66009975
754,63375,Quận 10,10.7638883,106.6599654
755,63378,Quận 10,10.7621974,106.6570691
756,63379,Quận 10,10.7623224,106.6572949
757,63382,Quận 10,10.7634269,106.65931425
758,63402,Quận 10,10.76210845,106.6569048
759,63403,Quận 10,10.76215325,106.65698965
760,63404,Quận 10,10.7621727,106.65702655
761,63415,Quận 11,10.76221275,106.65699655
762,63416,Quận 11,10.76226165,106.65708365
763,63735,Quận 8,10.73417555,106.65669225
764,64931,Quận Tân Bình,10.8017446,106.63695135
765,65248,Quận Gò Vấp,10.8308605,106.67759155
766,65249,Quận Gò Vấp,10.83105175,106.67746895
767,65965,Quận Bình Tân,10.81637935,106.60112075
768,65966,Quận Bình Tân,10.81636845,106.6012288
769,65978,Quận Bình Tân,10.82495685,106.60326055
770,65979,Quận Bình Tân,10.8249729,106.60319105
771,65980,Quận Bình Tân,10.82496735,106.60311695
772,65981,Quận Bình Tân,10.8249612,106.60303105
773,67158,Quận 6,10.7533162,106.6506046
774,68231,Quận 6,10.75019125,106.64234315
775,68232,Quận 6,10.75018205,106.64240235
776,68233,Quận 6,10.74985685,106.64230015
777,68234,Quận 6,10.74985385,106.64236015
778,68235,Quận 6,10.7497788,106.64229645
779,68236,Quận 6,10.7497656,106.64235505
780,68237,Quận 6,10.7494084,106.6423461
781,68238,Quận 6,10.7494168,106.6424055
782,69048,Huyện Bình Chánh,10.71884955,106.65573605
783,69049,Huyện Bình Chánh,10.71885215,106.65567605
784,69050,Huyện Bình Chánh,10.7192437,106.65575305
785,69051,Huyện Bình Chánh,10.7192463,106.65569305
786,69052,Huyện Bình Chánh,10.71953645,106.6557657
787,69053,Huyện Bình Chánh,10.719539050000002,106.6557057
788,69361,Quận 12,10.84292805,106.61514085
789,69362,Quận 12,10.84287965,106.61517645
790,69479,Thành phố Thủ Đức,10.80722915,106.75480835
791,69480,Thành phố Thủ Đức,10.80661545,106.7543493
792,69481,Thành phố Thủ Đức,10.8058681,106.7536796
793,69494,Thành phố Thủ Đức,10.80756245,106.7550456
794,69842,Thành phố Thủ Đức,10.825529,106.71424215
795,69843,Thành phố Thủ Đức,10.82556805,106.71434775
796,69844,Thành phố Thủ Đức,10.82563395,106.7144318
797,69845,Thành phố Thủ Đức,10.8257212,106.7144924
798,69846,Thành phố Thủ Đức,10.82580785,106.7145236
799,69847,Thành phố Thủ Đức,10.8258856,106.7145301
800,69848,Thành phố Thủ Đức,10.82596285,106.71451925
801,69849,Thành phố Thủ Đức,10.82603595,106.7144916
802,69850,Thành phố Thủ Đức,10.8261014,106.71444845
803,69851,Thành phố Thủ Đức,10.826159,106.714387
804,70007,Quận 12,10.85672995,106.6393007
805,70008,Quận 12,10.8566218,106.63927915
806,70009,Quận 12,10.8566508,106.63933175
807,70010,Quận 12,10.8565379,106.6393338
808,70011,Quận 12,10.8565733,106.6393822
809,70012,Quận 12,10.8564744,106.63937795
810,70013,Quận 12,10.8565058,106.63942895
811,70492,Thành phố Thủ Đức,10.7923681,106.7517107
812,70493,Thành phố Thủ Đức,10.7924275,106.7517021
813,71169,Quận 12,10.85619775,106.6393903
814,71170,Quận 12,10.85622135,106.6393351
815,71171,Quận 12,10.8563956,106.63946965
816,71172,Quận 12,10.8564086,106.63941105
817,71173,Quận 12,10.8564637,106.6394559
818,71174,Quận 12,10.8564307,106.6394057
819,71203,Quận Gò Vấp,10.8368143,106.65821205
820,71204,Quận Gò Vấp,10.8368293,106.65827005
821,71205,Quận Gò Vấp,10.8365167,106.65827515
822,71206,Quận Gò Vấp,10.8365356,106.65819635
823,71207,Quận Gò Vấp,10.8366507,106.6577374
824,71239,Quận Gò Vấp,10.8364849,106.65829335
825,71240,Quận Gò Vấp,10.8364869,106.65835335
826,71241,Quận Gò Vấp,10.8364472,106.65829405
827,71242,Quận Gò Vấp,10.8364474,106.65835405
828,71371,Quận Bình Tân,10.773365,106.6207885
829,71372,Quận Bình Tân,10.773419,106.6207623
830,71373,Quận Bình Tân,10.77357375,106.62122665
831,71374,Quận Bình Tân,10.77362975,106.62120505
832,71451,Quận Gò Vấp,10.7992695,106.68027085
833,71452,Quận Gò Vấp,10.7992479,106.68021485
834,71453,Quận Gò Vấp,10.83459795,106.66437665
835,71454,Quận Gò Vấp,10.83458445,106.664406
836,72168,Huyện Bình Chánh,10.81312125,106.5786048
837,72169,Huyện Bình Chánh,10.81317205,106.578573
838,72170,Huyện Bình Chánh,10.813584,106.57932545
839,72171,Huyện Bình Chánh,10.8136312,106.57928825
840,72285,Quận 12,10.8252434,106.60303915
841,72286,Quận 12,10.8248912,106.6029645
842,72287,Quận 12,10.8236107,106.60267825
843,72378,Quận 12,10.81596675,106.6012059
844,72381,Quận 12,10.82527825,106.60298725
845,72382,Quận 12,10.82488005,106.60289785
846,72383,Quận 12,10.82460375,106.6028349
847,72396,Quận 12,10.81648885,106.6010425
848,72397,Quận 12,10.8160308,106.600935
849,72757,Quận Tân Phú,10.8128746,106.60799725
850,72758,Quận Tân Phú,10.8129102,106.60794905
851,72857,Quận Tân Phú,10.81519535,106.6244823
852,72858,Quận Tân Phú,10.8152405,106.6244487
853,73106,Thành phố Thủ Đức,10.80996665,106.7561712
854,73119,Thành phố Thủ Đức,10.81369485,106.7568822
855,73120,Thành phố Thủ Đức,10.81331415,106.7568071
856,73121,Thành phố Thủ Đức,10.8129624,106.7567347
857,73122,Thành phố Thủ Đức,10.8125369,106.75665155
858,73123,Thành phố Thủ Đức,10.812064,106.7565697
859,73124,Thành phố Thủ Đức,10.8114475,106.75646645
860,73125,Thành phố Thủ Đức,10.8107085,106.7563136
861,73126,Thành phố Thủ Đức,10.8101737,106.7561822
862,73743,Huyện Bình Chánh,10.81339705,106.5792231
863,73744,Huyện Bình Chánh,10.81340145,106.5792829
864,73745,Huyện Bình Chánh,10.81309155,106.5792066
865,73746,Huyện Bình Chánh,10.81308095,106.5792656
866,73893,Quận 12,10.81642925,106.6013002
867,73905,Quận 12,10.8243293,106.60301665
868,73906,Quận 12,10.82490985,106.6031417
869,73907,Quận 12,10.8252673,106.6032134
870,74059,Huyện Bình Chánh,10.72576975,106.5768586
871,74060,Huyện Bình Chánh,10.72571095,106.5768702
872,74061,Huyện Bình Chánh,10.7257564,106.5766521
873,74062,Huyện Bình Chánh,10.7256966,106.5766475
874,74063,Huyện Bình Chánh,10.72581865,106.57635205
875,74064,Huyện Bình Chánh,10.72576085,106.57633605
876,74065,Huyện Bình Chánh,10.72591435,106.5760673
877,74066,Huyện Bình Chánh,10.72586015,106.5760415
878,74432,Quận 1,10.7865923,106.70163005
879,74622,Quận 12,10.83449155,106.60696465
880,74623,Quận 12,10.83456535,106.60686315
881,74642,Quận 12,10.83428285,106.60728775
882,74643,Quận 12,10.83437595,106.60715345
883,74644,Quận 12,10.83443415,106.6070552
884,74647,Quận 12,10.8344556,106.60685755
885,74648,Quận 12,10.83435335,106.6070074
886,74649,Quận 12,10.834242,106.6071859
887,75944,Huyện Hóc Môn,10.88347275,106.5872187
888,75945,Huyện Hóc Môn,10.882503,106.58789265
889,75946,Huyện Hóc Môn,10.88145075,106.58862355
890,75947,Huyện Hóc Môn,10.8805768,106.5892418
891,75948,Huyện Hóc Môn,10.879863,106.58974875
892,75949,Huyện Hóc Môn,10.87913725,106.59026875
893,75950,Huyện Hóc Môn,10.87822125,106.5909186
894,78437,Quận 8,10.7341059,106.65612175
895,78438,Quận 8,10.7340486,106.6561208
896,78889,Huyện Hóc Môn,10.867531,106.61545485
897,78890,Huyện Hóc Môn,10.8675466,106.61551285
898,78891,Huyện Hóc Môn,10.8671546,106.6155612
899,78892,Huyện Hóc Môn,10.8671716,106.6156188
900,79315,Quận Tân Phú,10.8038475,106.63544505
901,79316,Quận Tân Phú,10.8037877,106.63545045
902,79654,Huyện Hóc Môn,10.86700935,106.61537155
903,79655,Huyện Hóc Môn,10.8670146,106.6154279
904,79656,Huyện Hóc Môn,10.8670199,106.61549025
905,79657,Huyện Hóc Môn,10.8670107,106.6155519
906,79658,Huyện Hóc Môn,10.8669852,106.61561495
907,80043,Quận 1,10.77350495,106.68985085
908,80044,Quận 1,10.77348415,106.68979445
909,80045,Quận 1,10.77360175,106.6898302
910,80046,Quận 1,10.77360175,106.6897702
911,80047,Quận 1,10.7737167,106.68983545
912,80048,Quận 1,10.7737213,106.68977565
913,80049,Quận 1,10.7738271,106.6898554
914,80050,Quận 1,10.7738467,106.6897986
915,80052,Quận 1,10.7739614,106.6898285
916,80397,Quận Gò Vấp,10.84182225,106.67675815
917,80398,Quận Gò Vấp,10.84187385,106.67678855
918,80619,Huyện Bình Chánh,10.69075905,106.5702511
919,80620,Huyện Bình Chánh,10.6909333,106.57090555
920,80621,Huyện Bình Chánh,10.69107495,106.5714933
921,80622,Huyện Bình Chánh,10.6911952,106.5720539
922,80623,Huyện Bình Chánh,10.69127725,106.57245555
923,80624,Huyện Bình Chánh,10.69132835,106.5727073
924,80625,Huyện Bình Chánh,10.6913659,106.572893
925,80626,Huyện Bình Chánh,10.6914045,106.5730896
926,80627,Huyện Bình Chánh,10.69145755,106.5733619
927,80628,Huyện Bình Chánh,10.69148195,106.57349075
928,80629,Huyện Bình Chánh,10.69149745,106.57357255
929,80630,Huyện Bình Chánh,10.69154685,106.57382865
930,80646,Huyện Bình Chánh,10.69063155,106.56983905
931,80744,Huyện Bình Chánh,10.6900398,106.56830395
932,80745,Huyện Bình Chánh,10.6901215,106.5685185
933,80746,Huyện Bình Chánh,10.6902391,106.5688027
934,80747,Huyện Bình Chánh,10.6904411,106.569314
935,80748,Huyện Bình Chánh,10.6905564,106.56962435
936,80749,Huyện Bình Chánh,10.69057945,106.5696971
937,81587,Thành phố Thủ Đức,10.86657045,106.791363
938,81588,Thành phố Thủ Đức,10.8664216,106.79169825
939,81597,Thành phố Thủ Đức,10.8666707,106.79174205
940,81598,Thành phố Thủ Đức,10.86680635,106.7914115
941,82186,Quận 7,10.7543935,106.7277764
942,82187,Quận 7,10.75428025,106.7279444
943,82188,Quận 7,10.7541397,106.72810935
944,82189,Quận 7,10.7540216,106.7282092
945,82190,Quận 7,10.75388175,106.72828815
946,82191,Quận 7,10.7536788,106.72835565
947,82192,Quận 7,10.75341625,106.7284039
948,82193,Quận 7,10.7532265,106.72842745
949,82194,Quận 7,10.75298285,106.72844065
950,82195,Quận 7,10.75271885,106.7284532
951,82196,Quận 7,10.75272035,106.72854365
952,82197,Quận 7,10.75296255,106.7285293
953,82198,Quận 7,10.7533482,106.7284945
954,82199,Quận 7,10.75369535,106.72842685
955,82200,Quận 7,10.7539092,106.7283446
956,82201,Quận 7,10.75407555,106.72824195
957,82202,Quận 7,10.75422885,106.7281026
958,82203,Quận 7,10.75435735,106.7279485
959,82225,Quận 7,10.7382604,106.7181808
960,82236,Quận 7,10.7381892,106.718175
961,82237,Quận 7,10.7381566,106.7186864
962,82400,Quận 11,10.76215945,106.6571137
963,82401,Quận 11,10.76213475,106.65707115
964,82404,Quận 7,10.7278839,106.7005349
965,83712,Quận Phú Nhuận,10.79978015,106.6808559
966,83713,Quận Phú Nhuận,10.79937135,106.6804134
967,83714,Quận Phú Nhuận,10.79931485,106.6803018
968,83790,Quận 5,10.76707565,106.7017374
969,83791,Quận 5,10.76723775,106.7018469
970,83792,Quận 5,10.76743125,106.7020142
971,83990,Thành phố Thủ Đức,10.77083235,106.71525495
972,84012,Quận Gò Vấp,10.8347256,106.6644232
973,84115,Thành phố Thủ Đức,10.79244575,106.75194025
974,84116,Thành phố Thủ Đức,10.79241435,106.751884
975,84117,Thành phố Thủ Đức,10.79239965,106.7519262
976,84118,Thành phố Thủ Đức,10.79238875,106.751973
977,84161,Thành phố Thủ Đức,10.79235455,106.75203395
978,84162,Thành phố Thủ Đức,10.79241455,106.75203555
979,84163,Thành phố Thủ Đức,10.7924027,106.75235725
980,84164,Thành phố Thủ Đức,10.7924617,106.75234685
981,84423,Quận 1,10.78639985,106.7019005
982,84424,Quận 1,10.78653975,106.7017191
